comuna,año,enero,febrero,marzo,abril,mayo,junio,julio,agosto,septiembre,octubre,noviembre,diciembre
Alhué,2020,4,4,7,3,2,,,,,,,
Alhué,2019,2,,5,3,2,6,2,,4,3,4,5
Alhué,2018,1,2,2,8,1,5,1,4,8,6,3,
Alhué,2017,3,4,2,4,3,3,1,2,6,1,2,2
Alhué,2016,5,,1,2,1,3,4,2,1,4,5,4
Alhué,2015,1,2,4,1,1,5,1,1,2,5,1,2
Alhué,2014,3,4,3,3,2,5,2,1,3,2,6,2
Alhué,2013,3,1,5,3,3,1,2,4,3,5,2,2
Alhué,2012,5,,3,2,3,6,1,1,2,3,3,2
Alhué,2011,2,2,2,1,3,2,5,3,2,2,2,2
Alhué,2010,4,3,3,,3,1,5,4,6,2,1,6
Alhué,2009,4,6,,1,1,1,1,3,2,4,2,2
Alhué,2008,2,2,2,,2,2,2,,2,,,4
Alhué,2007,3,2,1,2,1,4,2,3,,5,,
Alhué,2006,3,,4,2,2,2,1,3,3,3,3,2
Alhué,2005,2,1,1,5,2,4,6,3,3,1,2,4
Alhué,2004,2,1,1,4,2,3,,3,4,,2,6
Alhué,2003,1,,2,1,3,,2,1,2,2,2,4
Alhué,2002,1,2,3,1,3,2,4,1,2,4,1,1
Alhué,2001,3,1,,3,5,4,,1,,1,3,6
Alhué,2000,2,,1,2,2,5,1,3,2,4,2,4
Buin,2020,34,29,35,44,51,,,,,,,
Buin,2019,35,43,30,36,43,44,56,51,51,41,38,40
Buin,2018,24,25,35,47,30,50,32,40,37,33,41,38
Buin,2017,67,26,30,35,58,58,57,41,37,55,39,38
Buin,2016,37,41,39,26,32,32,32,42,32,32,35,36
Buin,2015,34,29,36,30,42,43,33,38,52,44,23,33
Buin,2014,33,31,31,37,33,42,35,44,31,36,35,29
Buin,2013,32,33,29,41,34,44,40,30,35,26,37,34
Buin,2012,37,29,32,28,39,24,32,31,32,41,32,25
Buin,2011,30,31,32,21,46,34,32,38,35,42,28,27
Buin,2010,29,30,24,30,39,26,54,35,26,34,35,30
Buin,2009,33,28,21,31,32,25,43,38,34,33,21,30
Buin,2008,36,16,28,38,31,27,26,27,27,29,28,28
Buin,2007,32,30,25,22,31,44,41,32,33,21,15,37
Buin,2006,22,17,23,32,23,23,30,29,35,24,24,30
Buin,2005,24,27,20,26,26,29,41,26,26,33,26,35
Buin,2004,23,15,26,32,22,47,40,27,25,31,28,21
Buin,2003,26,17,23,29,36,23,42,41,26,19,18,28
Buin,2002,21,20,25,18,38,28,28,23,28,27,25,16
Buin,2001,21,16,32,23,21,32,27,21,15,30,20,30
Buin,2000,22,29,22,18,19,42,22,21,26,16,21,27
Calera de Tango,2020,9,8,13,12,12,,,,,,,
Calera de Tango,2019,13,2,15,14,11,11,6,10,7,13,11,6
Calera de Tango,2018,6,14,13,9,9,15,9,9,9,11,8,9
Calera de Tango,2017,9,6,6,9,13,14,11,15,10,11,7,10
Calera de Tango,2016,6,6,7,11,8,7,9,14,9,11,6,6
Calera de Tango,2015,6,7,11,10,10,6,20,8,9,8,7,9
Calera de Tango,2014,10,6,10,7,12,13,15,9,15,7,6,10
Calera de Tango,2013,6,5,13,2,7,13,9,15,11,10,8,10
Calera de Tango,2012,5,6,9,8,11,15,8,9,13,18,9,6
Calera de Tango,2011,8,6,7,8,11,12,13,14,7,8,10,9
Calera de Tango,2010,8,8,2,10,6,4,7,11,11,6,7,16
Calera de Tango,2009,6,5,11,7,7,8,8,14,7,8,10,6
Calera de Tango,2008,10,12,8,9,5,10,8,10,8,3,12,12
Calera de Tango,2007,8,4,5,6,4,9,14,13,6,2,11,5
Calera de Tango,2006,4,5,4,3,9,7,5,9,8,5,8,7
Calera de Tango,2005,3,4,7,3,5,3,7,5,4,3,2,7
Calera de Tango,2004,4,7,7,1,7,10,8,3,2,8,8,2
Calera de Tango,2003,8,3,6,7,5,4,7,7,6,4,9,8
Calera de Tango,2002,3,3,8,5,6,3,5,4,4,7,5,6
Calera de Tango,2001,7,6,3,2,6,3,9,4,3,3,1,4
Calera de Tango,2000,7,6,8,3,6,7,3,3,8,3,3,5
Cerrillos,2020,46,33,33,30,50,,,,,,,
Cerrillos,2019,27,26,26,45,39,35,58,45,36,36,33,41
Cerrillos,2018,38,31,29,27,29,41,43,49,29,35,41,32
Cerrillos,2017,38,36,38,39,41,40,41,42,29,47,27,30
Cerrillos,2016,36,35,35,22,37,47,59,44,43,33,39,36
Cerrillos,2015,36,30,33,40,39,46,25,46,34,37,27,40
Cerrillos,2014,35,28,35,36,37,56,45,46,45,30,41,38
Cerrillos,2013,33,37,32,33,45,48,37,42,34,33,38,41
Cerrillos,2012,43,40,23,38,28,29,41,29,25,48,28,33
Cerrillos,2011,32,34,27,45,37,33,33,43,39,28,32,38
Cerrillos,2010,35,37,34,32,52,34,52,40,35,26,31,25
Cerrillos,2009,37,31,25,27,36,39,36,31,41,38,42,39
Cerrillos,2008,35,28,28,37,29,44,40,32,32,33,30,34
Cerrillos,2007,36,28,41,23,33,37,30,48,38,24,26,32
Cerrillos,2006,29,16,25,42,20,33,44,39,25,39,27,28
Cerrillos,2005,27,36,30,31,31,38,40,37,38,22,24,25
Cerrillos,2004,28,31,32,26,30,47,51,31,31,29,28,38
Cerrillos,2003,34,26,31,26,29,28,39,41,41,27,33,38
Cerrillos,2002,32,32,26,28,29,39,48,37,26,46,23,27
Cerrillos,2001,30,25,24,23,35,51,42,30,37,28,24,23
Cerrillos,2000,24,23,24,30,29,35,41,22,30,36,23,25
Cerro Navia,2020,66,54,86,75,154,,,,,,,
Cerro Navia,2019,64,78,60,83,76,97,95,84,85,66,83,52
Cerro Navia,2018,70,61,67,59,99,84,83,103,90,77,76,75
Cerro Navia,2017,76,58,62,65,90,87,99,93,85,74,65,76
Cerro Navia,2016,67,71,77,69,87,80,94,98,91,54,61,63
Cerro Navia,2015,74,53,71,60,79,102,73,87,81,81,59,63
Cerro Navia,2014,68,70,77,76,74,71,117,77,72,74,82,59
Cerro Navia,2013,75,67,64,81,79,86,97,89,70,74,68,63
Cerro Navia,2012,68,73,64,74,87,99,96,92,67,66,57,69
Cerro Navia,2011,83,65,57,73,73,98,100,78,65,71,60,68
Cerro Navia,2010,50,55,64,63,73,82,96,87,84,79,63,69
Cerro Navia,2009,74,56,62,56,82,77,93,83,70,80,74,74
Cerro Navia,2008,60,56,55,76,66,66,62,67,65,55,72,58
Cerro Navia,2007,64,56,58,70,88,90,95,80,84,85,66,55
Cerro Navia,2006,60,49,60,69,66,68,75,76,78,57,49,69
Cerro Navia,2005,58,53,63,57,73,75,79,69,71,59,55,59
Cerro Navia,2004,62,57,51,60,68,78,66,75,73,59,56,68
Cerro Navia,2003,75,52,42,80,67,62,75,89,51,59,57,58
Cerro Navia,2002,56,49,54,65,62,63,70,73,69,61,56,61
Cerro Navia,2001,63,42,58,62,60,79,70,55,71,62,63,52
Cerro Navia,2000,54,42,56,58,69,60,70,55,66,51,63,68
Colina,2020,41,33,38,46,75,,,,,,,
Colina,2019,41,35,35,52,32,53,54,45,52,44,45,39
Colina,2018,34,37,32,31,41,45,59,61,40,43,45,55
Colina,2017,32,32,32,35,46,42,61,60,39,39,28,37
Colina,2016,41,35,27,48,37,46,55,35,44,42,26,36
Colina,2015,38,26,41,43,28,46,44,50,36,37,37,24
Colina,2014,25,28,32,36,47,38,53,38,29,33,47,34
Colina,2013,39,31,28,42,35,48,39,34,27,26,40,27
Colina,2012,35,26,29,36,31,36,35,34,40,41,22,26
Colina,2011,30,27,30,22,37,43,36,35,28,25,33,30
Colina,2010,34,27,34,37,40,29,45,33,51,42,24,27
Colina,2009,34,29,26,27,34,41,41,31,38,27,28,35
Colina,2008,21,22,19,27,37,32,27,30,34,17,18,26
Colina,2007,33,13,28,21,31,34,29,38,29,26,23,23
Colina,2006,22,34,28,22,30,24,25,30,26,23,24,28
Colina,2005,29,13,26,21,22,20,24,29,26,23,26,31
Colina,2004,27,19,26,38,30,27,15,21,27,21,20,28
Colina,2003,25,21,24,22,30,21,25,29,18,12,22,23
Colina,2002,24,15,23,18,14,14,21,29,36,18,21,24
Colina,2001,24,27,21,17,30,27,31,25,14,14,26,23
Colina,2000,19,17,21,21,21,17,24,17,21,24,24,17
Conchalí,2020,76,53,82,82,157,,,,,,,
Conchalí,2019,69,77,71,87,97,109,95,86,83,82,92,69
Conchalí,2018,66,58,66,80,83,97,110,127,75,77,58,70
Conchalí,2017,79,69,68,73,83,96,96,96,87,83,76,54
Conchalí,2016,89,65,60,60,84,81,99,88,88,76,62,80
Conchalí,2015,85,68,82,76,91,97,90,101,91,75,79,74
Conchalí,2014,68,56,69,93,78,107,112,101,90,81,78,75
Conchalí,2013,60,65,56,65,94,76,98,100,78,73,67,70
Conchalí,2012,63,79,71,82,72,89,101,111,65,79,80,81
Conchalí,2011,54,70,78,74,85,91,98,80,61,59,69,76
Conchalí,2010,56,69,64,73,100,77,102,98,98,77,63,78
Conchalí,2009,74,51,74,78,77,90,93,69,80,73,50,83
Conchalí,2008,74,71,65,60,79,84,103,94,95,75,68,62
Conchalí,2007,84,67,77,52,86,104,104,89,82,69,61,59
Conchalí,2006,73,51,56,68,82,71,87,76,76,76,65,67
Conchalí,2005,57,65,74,63,70,93,68,94,73,75,63,63
Conchalí,2004,83,62,63,64,95,98,94,96,80,79,62,82
Conchalí,2003,58,59,49,67,76,74,106,99,82,64,53,68
Conchalí,2002,71,45,42,78,79,66,72,94,78,55,60,59
Conchalí,2001,87,47,58,60,82,96,121,85,68,79,63,59
Conchalí,2000,66,55,57,61,80,87,95,79,86,59,58,86
Curacaví,2020,16,17,17,15,21,,,,,,,
Curacaví,2019,14,9,12,18,18,25,18,20,12,20,23,21
Curacaví,2018,14,14,13,12,13,18,22,18,19,13,13,12
Curacaví,2017,15,16,10,11,21,22,19,19,12,18,17,12
Curacaví,2016,13,11,13,14,9,24,25,14,11,22,24,13
Curacaví,2015,12,8,18,11,15,19,11,15,13,22,16,8
Curacaví,2014,18,7,15,19,11,12,19,17,22,12,20,11
Curacaví,2013,19,11,11,10,10,13,25,13,15,8,16,18
Curacaví,2012,4,10,21,7,11,15,16,19,15,8,13,11
Curacaví,2011,11,11,6,13,21,18,15,19,13,9,6,13
Curacaví,2010,15,11,9,15,9,16,23,16,18,16,11,9
Curacaví,2009,10,8,15,11,12,16,10,11,12,13,9,20
Curacaví,2008,9,12,6,13,14,15,10,11,13,11,13,10
Curacaví,2007,11,8,9,11,16,19,18,9,14,11,12,14
Curacaví,2006,5,11,9,9,10,15,12,10,14,13,6,9
Curacaví,2005,10,5,7,9,7,12,14,14,12,8,8,13
Curacaví,2004,6,9,9,16,7,7,12,13,3,9,11,14
Curacaví,2003,5,13,8,9,9,7,14,8,10,6,11,10
Curacaví,2002,4,4,14,8,7,9,11,11,5,6,5,13
Curacaví,2001,10,9,4,6,14,9,13,11,14,8,9,5
Curacaví,2000,8,8,7,10,10,7,14,10,6,3,9,12
El Bosque,2020,83,79,90,93,146,,,,,,,
El Bosque,2019,85,84,69,82,106,121,85,104,92,84,78,70
El Bosque,2018,71,72,73,62,99,99,111,97,89,84,91,97
El Bosque,2017,75,62,71,69,72,108,120,121,79,90,91,78
El Bosque,2016,98,75,87,84,81,91,112,89,83,85,75,79
El Bosque,2015,87,71,67,75,80,99,99,101,92,98,84,94
El Bosque,2014,62,61,87,67,99,105,109,92,84,107,81,89
El Bosque,2013,88,56,91,74,93,90,99,104,98,88,76,76
El Bosque,2012,72,65,76,68,99,105,112,105,86,92,83,71
El Bosque,2011,91,68,67,63,66,101,102,87,69,96,68,89
El Bosque,2010,72,70,76,83,87,74,102,110,84,87,66,92
El Bosque,2009,80,61,81,74,88,86,102,84,91,73,71,80
El Bosque,2008,77,64,66,76,85,83,92,77,76,78,78,93
El Bosque,2007,77,59,57,72,101,111,100,90,83,67,70,63
El Bosque,2006,59,62,55,63,69,86,92,66,72,61,67,62
El Bosque,2005,67,73,59,73,67,99,80,97,77,62,66,66
El Bosque,2004,72,63,71,72,81,71,93,63,54,51,75,71
El Bosque,2003,66,53,60,66,67,74,96,72,75,63,65,64
El Bosque,2002,62,59,54,54,76,86,69,73,58,65,75,60
El Bosque,2001,61,65,69,72,74,77,75,71,75,83,63,70
El Bosque,2000,70,54,70,62,81,75,88,70,85,68,59,64
El Monte,2020,12,11,18,11,29,,,,,,,
El Monte,2019,13,13,11,14,21,20,19,20,25,10,15,11
El Monte,2018,15,9,13,19,14,27,9,18,13,14,18,17
El Monte,2017,22,18,20,22,14,15,17,15,12,16,15,12
El Monte,2016,12,17,9,11,12,13,20,20,15,16,17,9
El Monte,2015,14,15,11,20,15,15,18,16,14,16,16,16
El Monte,2014,18,10,15,12,9,14,15,19,18,7,11,11
El Monte,2013,17,11,16,18,16,15,10,18,18,18,12,14
El Monte,2012,9,8,9,12,21,19,12,19,9,20,14,15
El Monte,2011,13,13,16,9,17,12,20,22,19,17,16,11
El Monte,2010,10,10,15,16,10,15,17,14,10,14,12,22
El Monte,2009,12,5,11,8,17,9,19,20,14,11,16,8
El Monte,2008,6,6,18,10,16,17,11,13,10,15,12,11
El Monte,2007,9,6,8,12,21,23,17,10,6,6,16,15
El Monte,2006,10,15,10,11,13,8,13,17,9,16,14,13
El Monte,2005,11,9,9,9,15,12,14,8,14,10,15,4
El Monte,2004,11,10,4,17,20,26,16,13,8,13,12,16
El Monte,2003,14,12,13,6,10,16,12,6,13,11,17,7
El Monte,2002,9,8,15,14,10,10,16,13,11,10,10,6
El Monte,2001,10,5,8,12,11,19,21,14,11,11,10,16
El Monte,2000,8,12,9,16,6,13,11,12,12,10,5,12
Estación Central,2020,55,60,61,70,139,,,,,,,
Estación Central,2019,71,49,59,77,86,89,109,90,87,72,67,51
Estación Central,2018,63,50,63,60,69,88,103,91,75,75,76,68
Estación Central,2017,52,61,59,56,91,99,90,95,79,60,63,60
Estación Central,2016,60,65,59,70,72,90,113,85,79,63,60,58
Estación Central,2015,85,55,68,52,85,77,87,99,84,78,75,88
Estación Central,2014,73,59,60,64,66,89,93,75,86,69,75,85
Estación Central,2013,68,61,67,74,76,83,88,102,87,74,59,77
Estación Central,2012,63,64,47,64,87,98,84,76,82,88,74,73
Estación Central,2011,65,70,62,68,95,84,91,80,70,52,72,65
Estación Central,2010,77,74,55,83,80,74,84,91,86,72,76,59
Estación Central,2009,80,58,53,76,72,88,92,81,69,72,67,75
Estación Central,2008,71,54,65,76,92,79,101,73,84,70,58,71
Estación Central,2007,67,63,53,65,84,105,108,84,77,76,65,61
Estación Central,2006,74,60,55,66,83,76,74,95,83,68,69,72
Estación Central,2005,45,54,66,66,82,75,80,65,70,77,80,67
Estación Central,2004,70,57,69,77,88,93,92,86,67,89,73,50
Estación Central,2003,62,48,69,60,76,88,92,89,58,71,63,53
Estación Central,2002,56,55,56,92,71,96,81,74,73,82,82,80
Estación Central,2001,73,64,82,75,78,101,106,84,61,56,74,101
Estación Central,2000,69,72,69,68,83,58,85,70,68,77,61,93
Huechuraba,2020,46,27,44,50,89,,,,,,,
Huechuraba,2019,41,41,29,43,46,46,52,52,41,44,37,40
Huechuraba,2018,50,30,39,34,46,47,50,55,47,44,40,55
Huechuraba,2017,26,34,38,34,37,54,54,33,42,43,22,35
Huechuraba,2016,33,30,36,37,46,38,55,48,32,42,41,36
Huechuraba,2015,26,29,38,28,34,36,50,43,50,33,38,36
Huechuraba,2014,29,33,35,34,40,45,51,37,34,42,35,42
Huechuraba,2013,40,31,27,25,41,33,42,37,37,40,38,32
Huechuraba,2012,28,27,41,35,29,40,36,28,40,29,30,34
Huechuraba,2011,41,23,27,26,39,50,36,34,50,39,24,33
Huechuraba,2010,35,37,30,28,35,29,35,46,40,34,23,30
Huechuraba,2009,43,25,28,33,37,34,30,38,29,37,32,36
Huechuraba,2008,22,19,24,25,33,24,28,32,23,35,31,37
Huechuraba,2007,29,32,16,33,28,37,37,38,42,31,32,30
Huechuraba,2006,23,22,29,35,26,25,31,34,23,32,22,34
Huechuraba,2005,21,21,32,23,16,26,25,26,33,34,18,23
Huechuraba,2004,25,12,21,30,37,38,34,31,23,26,26,24
Huechuraba,2003,29,27,21,28,26,27,28,31,25,29,21,19
Huechuraba,2002,26,19,20,26,15,19,25,22,19,25,22,29
Huechuraba,2001,20,28,25,25,26,22,39,20,29,18,34,27
Huechuraba,2000,29,22,25,20,20,34,37,26,36,28,35,15
Independencia,2020,80,48,69,79,165,,,,,,,
Independencia,2019,76,63,56,58,71,74,75,75,53,69,74,82
Independencia,2018,74,56,65,56,58,78,89,82,59,86,61,82
Independencia,2017,70,86,62,45,79,132,91,70,69,77,61,53
Independencia,2016,66,59,49,57,80,62,99,86,90,81,60,46
Independencia,2015,72,70,61,58,79,88,89,81,72,88,76,70
Independencia,2014,64,43,59,70,67,74,105,78,79,64,71,71
Independencia,2013,61,51,69,62,72,72,97,84,69,87,74,66
Independencia,2012,79,64,61,71,71,95,106,99,85,70,61,69
Independencia,2011,66,68,75,62,78,91,97,73,84,60,43,70
Independencia,2010,72,60,81,76,77,86,108,96,110,72,51,68
Independencia,2009,75,65,79,61,94,93,108,86,82,91,74,74
Independencia,2008,75,53,73,62,70,83,92,89,80,98,71,72
Independencia,2007,68,63,73,59,85,116,85,80,78,109,83,77
Independencia,2006,80,66,67,61,65,56,80,81,78,64,62,81
Independencia,2005,59,55,68,64,72,80,89,83,75,66,59,66
Independencia,2004,58,56,56,59,107,115,105,90,73,76,53,76
Independencia,2003,84,56,50,72,95,68,82,79,81,89,62,67
Independencia,2002,58,66,58,64,64,84,104,70,76,65,50,63
Independencia,2001,52,51,48,54,59,90,92,74,56,45,57,58
Independencia,2000,66,56,56,72,67,80,67,70,63,57,79,64
Isla de Maipo,2020,13,11,18,6,18,,,,,,,
Isla de Maipo,2019,16,7,12,17,18,27,22,15,6,12,18,10
Isla de Maipo,2018,21,10,7,10,12,17,25,11,14,16,9,17
Isla de Maipo,2017,8,15,14,20,17,17,18,21,15,14,12,10
Isla de Maipo,2016,14,12,11,21,16,16,18,20,27,17,14,14
Isla de Maipo,2015,13,20,15,18,9,18,12,14,10,15,13,11
Isla de Maipo,2014,18,11,9,12,14,21,17,14,20,14,11,11
Isla de Maipo,2013,8,15,11,11,12,12,16,18,19,16,18,12
Isla de Maipo,2012,11,10,9,12,15,11,14,18,9,17,13,18
Isla de Maipo,2011,15,11,10,15,13,15,13,16,14,7,11,15
Isla de Maipo,2010,12,12,7,9,13,16,16,15,19,10,14,11
Isla de Maipo,2009,16,12,9,17,12,12,17,16,19,10,10,23
Isla de Maipo,2008,9,13,12,13,16,5,6,14,15,10,8,12
Isla de Maipo,2007,13,7,8,14,12,12,20,22,13,14,16,11
Isla de Maipo,2006,19,10,14,15,11,9,13,13,13,20,8,9
Isla de Maipo,2005,9,7,12,17,12,7,13,15,23,13,13,9
Isla de Maipo,2004,10,10,9,5,14,10,12,13,16,14,12,7
Isla de Maipo,2003,5,8,9,11,11,13,16,15,10,14,12,10
Isla de Maipo,2002,7,9,11,10,13,14,18,13,15,19,9,8
Isla de Maipo,2001,12,9,12,3,14,14,15,4,12,6,9,8
Isla de Maipo,2000,9,11,7,13,10,8,14,7,7,16,10,7
La Cisterna,2020,51,34,54,54,95,,,,,,,
La Cisterna,2019,51,52,47,62,64,61,86,81,71,75,64,59
La Cisterna,2018,54,45,55,50,62,82,64,88,56,64,55,52
La Cisterna,2017,69,42,44,55,57,86,81,81,62,51,50,57
La Cisterna,2016,66,57,57,52,79,72,85,66,75,73,61,58
La Cisterna,2015,64,50,58,57,76,71,67,65,68,61,57,59
La Cisterna,2014,43,40,60,52,66,83,99,56,63,63,61,56
La Cisterna,2013,57,52,41,53,64,65,67,66,61,58,39,59
La Cisterna,2012,62,48,48,30,58,65,82,76,62,65,48,44
La Cisterna,2011,60,45,56,41,57,62,83,72,49,61,46,50
La Cisterna,2010,47,54,52,55,69,61,67,67,66,69,46,47
La Cisterna,2009,49,33,50,44,51,75,62,53,51,62,53,57
La Cisterna,2008,50,41,38,46,50,55,56,57,49,52,43,45
La Cisterna,2007,40,36,53,46,53,80,78,57,68,57,54,58
La Cisterna,2006,51,40,45,52,60,64,65,68,60,40,45,52
La Cisterna,2005,48,36,46,45,65,62,64,47,49,58,45,46
La Cisterna,2004,41,47,42,39,55,62,62,44,38,35,47,57
La Cisterna,2003,42,46,38,46,60,45,62,47,58,44,48,36
La Cisterna,2002,48,44,43,61,46,50,56,52,45,48,36,47
La Cisterna,2001,42,50,36,45,49,50,62,59,39,45,41,44
La Cisterna,2000,43,49,42,52,61,48,53,49,50,53,36,54
La Florida,2020,187,165,190,176,281,,,,,,,
La Florida,2019,158,168,185,180,202,207,224,213,199,159,166,158
La Florida,2018,156,139,143,174,187,200,186,199,161,199,159,171
La Florida,2017,175,127,155,151,178,230,211,169,192,178,155,172
La Florida,2016,165,154,141,170,188,179,217,192,182,142,138,158
La Florida,2015,170,146,127,139,207,170,187,182,193,192,159,146
La Florida,2014,143,133,137,185,153,194,204,192,157,158,167,141
La Florida,2013,145,150,157,161,164,166,197,217,172,186,162,131
La Florida,2012,139,134,159,143,144,175,172,187,190,158,126,155
La Florida,2011,149,122,139,159,145,156,184,203,160,157,141,154
La Florida,2010,164,147,139,140,137,179,197,202,180,176,133,130
La Florida,2009,137,125,116,116,156,149,160,155,159,137,140,121
La Florida,2008,137,123,140,127,139,134,145,126,136,133,126,122
La Florida,2007,126,116,126,124,135,188,179,179,129,131,136,144
La Florida,2006,124,107,120,123,139,141,171,138,172,132,124,138
La Florida,2005,137,94,126,105,132,163,147,157,130,148,114,126
La Florida,2004,137,102,126,121,177,176,169,148,107,142,111,112
La Florida,2003,137,125,104,128,144,129,164,161,118,135,121,122
La Florida,2002,115,94,108,123,117,111,150,159,145,144,126,125
La Florida,2001,92,102,111,103,135,156,141,149,136,125,111,126
La Florida,2000,100,109,119,136,126,142,144,121,129,114,110,98
La Granja,2020,73,69,66,64,126,,,,,,,
La Granja,2019,74,45,67,59,78,82,97,79,68,69,54,54
La Granja,2018,57,63,62,41,59,68,72,90,80,58,58,57
La Granja,2017,74,47,55,53,71,89,92,72,67,67,59,47
La Granja,2016,64,61,65,60,62,70,84,80,59,73,58,61
La Granja,2015,72,48,72,74,69,63,72,79,65,60,61,70
La Granja,2014,64,60,60,63,64,72,91,66,76,53,57,55
La Granja,2013,65,62,55,72,64,67,70,71,61,67,64,58
La Granja,2012,55,53,50,45,70,79,75,78,77,57,40,55
La Granja,2011,61,45,55,67,68,67,89,68,63,59,61,61
La Granja,2010,57,42,59,54,59,67,60,69,70,67,46,53
La Granja,2009,52,47,39,52,77,66,54,76,66,65,81,55
La Granja,2008,64,51,44,55,61,64,68,72,48,57,54,53
La Granja,2007,51,46,48,63,72,78,66,70,71,70,54,50
La Granja,2006,52,37,54,58,64,61,74,58,49,60,53,47
La Granja,2005,52,35,38,54,54,61,50,61,65,52,56,59
La Granja,2004,62,45,54,64,83,67,67,58,48,54,49,42
La Granja,2003,50,44,46,44,59,51,56,68,54,56,44,56
La Granja,2002,53,40,45,40,51,60,60,67,70,58,47,60
La Granja,2001,51,66,52,38,72,70,74,50,47,48,49,49
La Granja,2000,47,47,45,59,56,53,68,57,57,45,52,53
La Pintana,2020,87,79,81,84,175,,,,,,,
La Pintana,2019,64,71,84,73,90,114,100,97,92,84,76,75
La Pintana,2018,78,67,76,71,87,85,107,99,86,98,67,78
La Pintana,2017,69,77,68,86,86,103,92,82,81,86,58,72
La Pintana,2016,77,60,84,67,73,80,99,83,74,73,49,55
La Pintana,2015,74,70,71,66,74,92,101,97,81,71,81,80
La Pintana,2014,80,55,71,77,92,90,107,80,84,79,82,69
La Pintana,2013,61,66,83,77,82,92,102,88,78,65,78,70
La Pintana,2012,78,66,56,68,58,83,85,84,79,69,73,55
La Pintana,2011,83,49,78,65,90,91,87,78,61,82,57,74
La Pintana,2010,64,61,72,60,79,81,72,95,89,58,51,63
La Pintana,2009,76,67,62,71,64,78,70,59,62,57,61,59
La Pintana,2008,78,55,62,63,53,71,73,85,71,57,55,54
La Pintana,2007,52,55,55,68,53,77,90,84,68,74,59,56
La Pintana,2006,64,44,49,47,77,75,83,71,69,55,49,69
La Pintana,2005,54,38,60,57,59,67,65,78,59,58,45,49
La Pintana,2004,59,59,52,40,83,70,69,77,62,54,48,62
La Pintana,2003,44,38,41,41,64,60,60,51,75,71,65,48
La Pintana,2002,49,55,38,67,53,58,66,53,52,50,54,42
La Pintana,2001,59,45,39,57,50,67,59,50,59,50,50,54
La Pintana,2000,43,46,41,51,46,51,55,61,54,52,69,54
La Reina,2020,55,49,37,43,73,,,,,,,
La Reina,2019,54,36,44,48,56,58,63,63,66,53,58,53
La Reina,2018,46,46,56,53,44,49,50,58,60,52,43,36
La Reina,2017,63,47,39,57,51,62,64,58,53,46,36,46
La Reina,2016,40,51,49,55,60,46,56,50,57,44,54,54
La Reina,2015,49,46,42,46,59,70,62,62,42,41,52,40
La Reina,2014,38,35,40,55,46,68,56,68,59,47,48,35
La Reina,2013,42,38,45,43,43,50,64,61,56,52,56,38
La Reina,2012,32,39,44,44,52,58,69,67,51,53,48,47
La Reina,2011,44,36,41,38,41,50,68,57,55,38,39,55
La Reina,2010,44,34,44,51,57,57,61,59,48,52,44,48
La Reina,2009,43,32,50,41,52,53,58,45,46,41,46,46
La Reina,2008,56,46,44,43,52,52,44,51,44,50,42,34
La Reina,2007,37,42,34,40,58,73,65,62,57,51,47,45
La Reina,2006,37,39,49,36,42,52,46,48,41,45,45,49
La Reina,2005,33,45,47,43,62,64,46,54,51,31,40,58
La Reina,2004,46,45,40,44,60,56,47,46,53,41,44,37
La Reina,2003,50,41,38,35,43,55,60,48,52,48,44,29
La Reina,2002,51,40,36,34,49,45,41,52,55,43,37,28
La Reina,2001,47,29,35,30,49,57,65,42,62,53,26,51
La Reina,2000,42,42,40,32,57,48,48,48,36,45,40,33
Lampa,2020,35,24,36,37,69,,,,,,,
Lampa,2019,33,37,26,28,41,41,61,35,35,36,39,31
Lampa,2018,25,29,26,30,39,38,27,34,40,36,29,31
Lampa,2017,48,25,27,24,42,37,42,23,33,28,36,34
Lampa,2016,35,19,31,30,30,28,36,37,30,29,33,32
Lampa,2015,25,23,27,30,19,25,28,32,30,27,24,23
Lampa,2014,17,21,17,27,25,31,40,24,29,16,36,32
Lampa,2013,31,14,24,27,34,25,17,25,30,25,28,19
Lampa,2012,28,18,30,21,20,23,30,23,31,25,23,27
Lampa,2011,23,17,26,15,27,29,41,36,13,34,19,30
Lampa,2010,25,18,29,20,26,32,31,33,40,16,14,12
Lampa,2009,24,12,25,13,13,20,22,19,22,12,20,15
Lampa,2008,27,12,18,17,22,15,17,27,25,26,21,12
Lampa,2007,11,11,15,17,19,19,29,22,21,15,19,18
Lampa,2006,14,16,15,7,11,18,24,17,18,10,17,20
Lampa,2005,16,13,20,14,18,21,32,15,22,10,14,16
Lampa,2004,23,7,14,11,23,31,21,15,24,25,19,14
Lampa,2003,20,13,20,13,20,15,19,20,19,13,15,17
Lampa,2002,15,16,12,23,11,23,13,15,20,16,16,13
Lampa,2001,12,12,13,9,15,18,32,25,16,16,7,17
Lampa,2000,11,16,11,18,16,15,15,11,17,10,17,23
Las Condes,2020,168,126,133,153,215,,,,,,,
Las Condes,2019,133,132,159,162,177,163,173,184,166,157,153,136
Las Condes,2018,118,123,147,145,166,195,184,192,147,146,158,148
Las Condes,2017,162,123,139,154,156,194,174,163,145,131,125,137
Las Condes,2016,154,126,137,134,160,132,151,164,165,127,137,148
Las Condes,2015,141,133,121,145,153,161,154,164,158,156,124,155
Las Condes,2014,143,118,109,128,163,126,179,142,131,134,129,144
Las Condes,2013,137,133,135,142,121,156,160,151,134,133,173,131
Las Condes,2012,125,116,149,116,154,171,152,124,153,135,131,130
Las Condes,2011,149,112,118,116,131,153,155,133,166,125,123,134
Las Condes,2010,120,120,150,129,143,136,147,167,140,147,121,134
Las Condes,2009,127,99,98,105,135,145,142,135,127,115,99,111
Las Condes,2008,142,119,111,124,123,150,156,158,108,120,130,118
Las Condes,2007,123,102,125,117,128,160,186,160,126,130,94,93
Las Condes,2006,131,96,113,125,119,127,117,139,119,135,115,114
Las Condes,2005,108,97,123,116,109,133,147,132,119,120,98,134
Las Condes,2004,101,107,91,117,131,134,147,122,120,110,106,106
Las Condes,2003,113,104,101,96,99,129,131,115,104,107,115,92
Las Condes,2002,97,101,87,95,109,89,121,135,124,100,88,86
Las Condes,2001,97,90,103,102,115,111,140,125,106,98,98,122
Las Condes,2000,95,89,101,106,107,115,97,107,108,107,114,98
Lo Barnechea,2020,38,24,30,36,43,,,,,,,
Lo Barnechea,2019,27,33,27,29,26,41,34,30,27,32,25,41
Lo Barnechea,2018,30,20,30,27,30,32,32,30,40,23,30,27
Lo Barnechea,2017,21,17,27,29,31,41,36,24,32,29,23,21
Lo Barnechea,2016,21,29,30,35,38,27,21,35,27,33,26,25
Lo Barnechea,2015,26,17,26,30,27,28,33,38,23,26,27,31
Lo Barnechea,2014,23,14,25,15,23,22,30,31,35,15,24,28
Lo Barnechea,2013,27,26,20,22,32,24,22,20,27,34,18,25
Lo Barnechea,2012,37,15,19,32,23,21,34,27,30,15,21,28
Lo Barnechea,2011,20,20,23,16,31,26,28,29,36,25,20,17
Lo Barnechea,2010,28,16,22,18,21,28,25,28,18,21,22,15
Lo Barnechea,2009,16,15,23,10,21,24,24,20,23,29,21,27
Lo Barnechea,2008,21,20,15,17,24,18,20,23,22,35,20,22
Lo Barnechea,2007,11,14,22,20,21,21,18,29,18,20,19,20
Lo Barnechea,2006,28,14,17,17,20,18,28,18,17,14,13,14
Lo Barnechea,2005,20,19,22,15,15,14,12,23,23,18,20,21
Lo Barnechea,2004,20,11,13,17,25,24,25,32,18,15,25,12
Lo Barnechea,2003,25,12,17,18,16,25,21,20,19,19,15,19
Lo Barnechea,2002,9,12,17,15,13,20,13,14,20,12,21,18
Lo Barnechea,2001,12,15,16,15,16,20,17,22,17,10,9,25
Lo Barnechea,2000,16,8,14,16,17,13,16,13,9,15,12,16
Lo Espejo,2020,63,36,54,58,99,,,,,,,
Lo Espejo,2019,68,58,60,66,67,83,91,64,62,52,53,50
Lo Espejo,2018,64,43,55,50,61,92,73,87,51,67,52,53
Lo Espejo,2017,50,55,56,47,56,98,80,71,65,57,61,48
Lo Espejo,2016,67,63,69,68,58,59,86,66,60,45,50,51
Lo Espejo,2015,62,65,58,52,66,67,90,61,75,61,57,50
Lo Espejo,2014,69,44,57,47,71,64,80,62,84,59,79,59
Lo Espejo,2013,50,53,65,49,72,63,67,72,67,65,54,56
Lo Espejo,2012,58,48,58,60,69,70,77,56,65,75,65,59
Lo Espejo,2011,77,48,54,53,62,75,87,72,58,57,71,57
Lo Espejo,2010,67,60,50,69,49,86,73,72,84,83,43,56
Lo Espejo,2009,55,37,52,39,59,47,71,56,70,66,62,62
Lo Espejo,2008,57,61,65,59,49,65,65,69,48,59,57,48
Lo Espejo,2007,63,37,39,61,59,89,83,61,61,40,41,48
Lo Espejo,2006,55,44,56,50,59,59,63,61,59,61,43,52
Lo Espejo,2005,59,49,47,64,53,80,58,61,46,54,66,47
Lo Espejo,2004,52,48,56,62,62,67,79,64,57,64,43,48
Lo Espejo,2003,55,44,49,58,62,80,63,64,64,57,51,51
Lo Espejo,2002,54,59,44,49,61,52,68,53,51,55,43,47
Lo Espejo,2001,66,50,49,49,56,69,59,71,69,67,54,69
Lo Espejo,2000,50,43,43,57,69,63,70,42,54,44,45,59
Lo Prado,2020,47,52,46,56,103,,,,,,,
Lo Prado,2019,47,40,47,49,67,79,69,63,73,66,52,46
Lo Prado,2018,45,49,48,60,51,59,61,59,61,60,56,41
Lo Prado,2017,45,38,56,54,59,61,74,76,45,63,47,45
Lo Prado,2016,51,45,49,53,45,59,84,56,64,53,51,52
Lo Prado,2015,45,41,49,34,47,62,55,71,48,58,43,50
Lo Prado,2014,56,62,42,54,51,61,78,63,43,43,43,53
Lo Prado,2013,56,48,49,45,41,48,64,53,65,52,70,50
Lo Prado,2012,45,28,55,50,57,48,71,60,56,39,57,45
Lo Prado,2011,72,48,40,49,54,52,53,65,48,40,57,44
Lo Prado,2010,46,45,42,46,50,68,61,67,42,62,39,48
Lo Prado,2009,50,43,38,44,37,50,68,49,46,54,53,49
Lo Prado,2008,45,50,41,59,58,53,59,59,51,46,41,43
Lo Prado,2007,52,28,57,48,58,70,66,51,56,57,38,44
Lo Prado,2006,49,37,39,51,46,54,39,51,44,58,48,45
Lo Prado,2005,44,42,37,41,42,56,55,53,40,33,38,44
Lo Prado,2004,47,41,32,34,65,52,54,56,43,49,39,45
Lo Prado,2003,33,33,43,47,45,58,58,58,49,47,38,39
Lo Prado,2002,48,39,38,32,43,47,59,46,52,48,37,45
Lo Prado,2001,39,28,39,35,54,49,54,52,64,53,43,45
Lo Prado,2000,41,30,40,42,49,43,57,37,41,43,35,43
Macul,2020,56,47,58,64,122,,,,,,,
Macul,2019,74,49,67,58,66,85,83,66,71,73,51,52
Macul,2018,68,47,59,54,52,74,73,92,76,59,49,62
Macul,2017,64,56,57,69,71,92,86,80,58,79,53,47
Macul,2016,60,45,54,65,57,83,94,82,78,69,53,56
Macul,2015,63,51,54,58,73,52,74,70,51,71,47,46
Macul,2014,53,58,59,67,65,65,69,75,60,65,38,49
Macul,2013,48,51,44,58,65,53,62,74,65,54,54,43
Macul,2012,69,40,63,60,57,64,83,72,59,65,60,41
Macul,2011,62,43,51,61,69,80,80,73,57,52,50,61
Macul,2010,55,51,45,49,67,79,71,66,55,50,48,64
Macul,2009,55,48,42,52,61,60,56,60,62,61,47,50
Macul,2008,43,42,50,60,50,45,53,64,59,63,55,40
Macul,2007,52,49,38,53,58,88,60,70,79,51,37,54
Macul,2006,39,40,44,47,52,51,52,56,56,43,49,58
Macul,2005,56,38,43,42,61,61,58,63,56,56,50,55
Macul,2004,44,45,49,55,63,71,60,57,51,51,48,39
Macul,2003,62,33,45,57,59,56,64,69,62,49,54,57
Macul,2002,45,42,44,49,31,53,46,53,62,37,49,60
Macul,2001,42,63,48,47,50,81,65,59,47,49,43,36
Macul,2000,50,37,67,44,51,49,56,47,42,52,47,41
Maipú,2020,199,187,216,221,308,,,,,,,
Maipú,2019,202,155,196,203,247,237,235,242,203,200,190,161
Maipú,2018,186,149,188,186,182,220,221,253,196,219,167,170
Maipú,2017,199,178,176,229,207,259,240,234,181,220,180,165
Maipú,2016,184,183,169,162,187,233,237,224,203,174,168,172
Maipú,2015,165,156,176,162,194,198,227,197,230,184,202,204
Maipú,2014,189,153,142,188,184,223,236,185,208,167,157,176
Maipú,2013,163,168,196,148,188,163,237,224,191,156,163,154
Maipú,2012,162,161,156,168,156,181,210,213,174,191,154,149
Maipú,2011,159,137,140,168,164,195,195,211,177,173,136,159
Maipú,2010,149,140,172,153,169,189,196,193,185,155,156,149
Maipú,2009,133,135,119,127,160,156,170,160,144,155,142,161
Maipú,2008,140,125,110,155,158,178,164,160,156,121,138,153
Maipú,2007,159,122,146,135,170,201,164,172,163,144,120,133
Maipú,2006,127,90,137,125,130,169,172,153,124,128,124,137
Maipú,2005,125,104,136,120,141,142,141,132,136,118,113,143
Maipú,2004,123,109,124,115,148,157,167,158,120,139,110,111
Maipú,2003,107,94,94,110,134,120,151,148,121,131,109,117
Maipú,2002,122,100,105,103,118,153,144,132,134,130,119,112
Maipú,2001,109,77,104,106,114,128,131,134,134,121,102,125
Maipú,2000,93,84,94,90,129,114,132,110,107,103,98,109
María Pinto,2020,6,5,7,8,6,,,,,,,
María Pinto,2019,4,4,5,6,12,9,9,9,2,11,6,7
María Pinto,2018,9,8,3,6,3,10,11,6,4,7,6,7
María Pinto,2017,3,7,7,7,5,5,6,6,5,7,6,12
María Pinto,2016,7,2,1,5,2,8,12,10,5,5,8,3
María Pinto,2015,7,9,5,4,6,2,6,10,7,5,5,9
María Pinto,2014,5,6,5,3,4,7,7,3,8,5,5,6
María Pinto,2013,3,5,5,6,2,6,5,9,12,8,4,5
María Pinto,2012,3,9,4,5,6,7,8,9,6,7,9,3
María Pinto,2011,8,1,7,4,4,9,9,8,2,5,4,5
María Pinto,2010,5,5,7,9,4,4,10,8,11,4,5,1
María Pinto,2009,,1,5,5,6,3,8,4,5,3,3,6
María Pinto,2008,9,4,4,2,5,6,6,2,4,7,5,8
María Pinto,2007,6,5,2,4,3,4,5,7,3,6,6,5
María Pinto,2006,5,2,7,4,9,9,2,6,7,2,3,8
María Pinto,2005,5,2,3,3,7,7,5,5,5,2,4,5
María Pinto,2004,4,3,6,3,7,4,3,3,9,,6,10
María Pinto,2003,3,1,2,4,5,5,8,4,1,2,3,4
María Pinto,2002,4,,4,3,2,4,5,2,4,6,3,2
María Pinto,2001,2,5,1,2,5,4,2,5,4,4,4,3
María Pinto,2000,,7,2,4,4,2,7,6,2,10,4,1
Melipilla,2020,54,71,58,59,89,,,,,,,
Melipilla,2019,79,54,72,69,70,91,83,70,76,82,64,48
Melipilla,2018,59,57,63,60,69,77,78,64,77,54,60,52
Melipilla,2017,60,57,54,59,69,83,81,88,74,72,64,77
Melipilla,2016,59,47,58,67,66,88,98,74,75,58,57,54
Melipilla,2015,50,48,60,58,66,75,76,78,68,47,56,60
Melipilla,2014,46,44,52,63,56,70,82,60,67,57,73,58
Melipilla,2013,55,50,51,43,48,71,60,76,55,62,46,68
Melipilla,2012,50,40,45,58,60,53,77,59,63,58,53,63
Melipilla,2011,56,37,45,54,47,49,60,71,57,66,60,47
Melipilla,2010,55,48,43,47,74,67,61,60,57,55,38,47
Melipilla,2009,41,35,45,39,66,39,55,56,43,54,43,53
Melipilla,2008,53,49,45,48,44,49,61,56,52,46,54,52
Melipilla,2007,39,28,46,43,48,86,58,56,52,45,45,54
Melipilla,2006,38,32,44,46,51,53,55,53,58,46,35,43
Melipilla,2005,55,37,44,34,46,41,49,51,44,51,34,46
Melipilla,2004,43,33,46,46,57,48,52,52,54,47,46,42
Melipilla,2003,54,38,39,43,50,35,49,52,52,42,29,44
Melipilla,2002,48,28,26,37,41,52,46,52,33,46,34,44
Melipilla,2001,31,29,25,50,49,42,53,51,38,37,36,49
Melipilla,2000,32,31,39,49,36,55,47,42,40,35,29,36
Ñuñoa,2020,134,116,100,112,177,,,,,,,
Ñuñoa,2019,117,100,101,97,154,135,176,132,104,119,106,113
Ñuñoa,2018,88,83,98,109,129,112,142,146,123,109,123,103
Ñuñoa,2017,123,98,109,104,120,161,140,117,129,139,96,100
Ñuñoa,2016,121,97,109,110,116,154,147,122,133,118,96,110
Ñuñoa,2015,99,98,92,106,131,123,155,152,126,121,102,117
Ñuñoa,2014,137,96,107,129,120,129,178,121,116,118,104,120
Ñuñoa,2013,109,117,101,98,136,122,153,136,124,132,107,105
Ñuñoa,2012,123,97,99,96,141,116,131,136,107,118,94,100
Ñuñoa,2011,114,92,90,103,108,113,140,146,127,108,99,105
Ñuñoa,2010,107,92,109,86,113,123,163,146,143,126,97,108
Ñuñoa,2009,110,85,92,108,111,113,141,152,125,119,114,117
Ñuñoa,2008,120,95,87,111,112,138,120,126,107,108,98,105
Ñuñoa,2007,106,92,96,101,120,150,144,138,129,115,119,87
Ñuñoa,2006,94,96,121,96,95,138,124,125,93,91,105,113
Ñuñoa,2005,87,76,100,107,129,129,141,130,119,107,90,118
Ñuñoa,2004,91,74,105,104,136,134,128,151,112,83,96,90
Ñuñoa,2003,112,100,90,98,108,118,121,120,94,104,113,103
Ñuñoa,2002,110,102,103,101,92,116,117,109,136,95,95,114
Ñuñoa,2001,113,82,84,101,123,146,129,118,102,102,95,100
Ñuñoa,2000,101,79,113,94,130,120,129,101,119,118,101,108
Padre Hurtado,2020,29,18,23,24,37,,,,,,,
Padre Hurtado,2019,27,17,28,23,21,37,28,40,33,20,27,30
Padre Hurtado,2018,30,20,27,24,26,25,32,28,31,20,28,22
Padre Hurtado,2017,14,19,23,15,21,29,32,27,29,21,19,23
Padre Hurtado,2016,30,23,20,22,27,30,36,32,27,22,11,25
Padre Hurtado,2015,21,18,19,22,32,26,24,43,25,22,27,17
Padre Hurtado,2014,17,19,22,20,28,21,25,21,27,24,15,15
Padre Hurtado,2013,20,12,22,19,25,25,26,26,27,24,18,23
Padre Hurtado,2012,18,24,16,17,21,33,20,21,27,18,19,19
Padre Hurtado,2011,17,16,10,18,20,8,29,20,24,15,13,16
Padre Hurtado,2010,13,24,12,18,13,23,23,23,20,15,17,20
Padre Hurtado,2009,15,14,15,16,18,22,24,22,13,21,18,16
Padre Hurtado,2008,16,14,17,11,8,18,23,25,22,14,17,16
Padre Hurtado,2007,18,15,14,15,12,15,27,20,22,17,19,15
Padre Hurtado,2006,11,10,17,11,16,10,14,16,15,15,14,15
Padre Hurtado,2005,15,15,9,8,16,13,16,12,13,10,11,19
Padre Hurtado,2004,18,14,12,17,9,18,22,13,13,14,8,11
Padre Hurtado,2003,14,10,10,16,11,11,21,12,10,12,9,13
Padre Hurtado,2002,22,7,13,8,16,12,26,9,18,14,9,11
Padre Hurtado,2001,11,6,13,11,12,12,13,9,12,8,14,14
Padre Hurtado,2000,8,8,14,13,16,13,20,17,14,10,12,18
Paine,2020,30,29,29,30,33,,,,,,,
Paine,2019,20,14,34,25,29,31,41,27,37,36,30,21
Paine,2018,17,22,25,21,27,34,32,25,28,36,25,24
Paine,2017,27,14,25,24,31,25,36,32,27,33,34,20
Paine,2016,30,19,31,25,35,35,29,37,23,27,31,27
Paine,2015,25,30,23,31,25,31,36,26,24,28,23,32
Paine,2014,35,19,25,26,26,18,25,20,31,18,31,24
Paine,2013,22,23,18,37,30,30,33,26,22,28,21,26
Paine,2012,22,18,20,25,29,22,26,33,21,15,27,28
Paine,2011,17,21,15,23,30,34,28,18,18,16,17,18
Paine,2010,18,25,28,15,15,28,21,38,23,23,21,20
Paine,2009,24,15,17,13,28,21,24,23,24,8,21,23
Paine,2008,21,18,19,18,26,17,25,17,30,16,20,19
Paine,2007,21,9,19,12,21,24,30,26,19,21,18,21
Paine,2006,22,9,16,16,14,14,19,23,20,16,15,10
Paine,2005,15,16,21,25,23,22,21,18,12,16,15,16
Paine,2004,11,14,15,18,16,37,28,24,18,20,19,23
Paine,2003,15,28,13,16,20,10,27,18,25,18,15,23
Paine,2002,17,16,15,12,20,24,13,17,20,9,13,9
Paine,2001,17,22,18,21,26,23,28,16,21,21,15,21
Paine,2000,14,13,13,21,32,17,19,20,18,10,22,21
Pedro Aguirre Cerda,2020,60,54,56,79,113,,,,,,,
Pedro Aguirre Cerda,2019,64,59,61,73,86,72,90,80,77,85,69,63
Pedro Aguirre Cerda,2018,61,54,64,53,71,69,86,86,78,56,78,65
Pedro Aguirre Cerda,2017,69,69,67,68,58,95,81,73,94,73,66,47
Pedro Aguirre Cerda,2016,60,49,60,53,76,69,81,76,65,83,55,55
Pedro Aguirre Cerda,2015,69,59,71,69,71,72,77,81,71,72,65,76
Pedro Aguirre Cerda,2014,72,45,67,69,88,98,95,92,75,69,70,82
Pedro Aguirre Cerda,2013,53,49,58,62,72,75,99,77,77,77,64,67
Pedro Aguirre Cerda,2012,71,65,64,67,82,90,88,114,70,70,71,50
Pedro Aguirre Cerda,2011,77,47,58,61,71,81,86,95,84,71,76,70
Pedro Aguirre Cerda,2010,73,40,70,59,74,74,95,89,77,79,61,77
Pedro Aguirre Cerda,2009,75,54,57,60,51,92,89,66,71,64,56,59
Pedro Aguirre Cerda,2008,66,54,54,55,66,69,94,68,61,70,48,70
Pedro Aguirre Cerda,2007,71,54,63,44,75,96,82,68,69,58,69,65
Pedro Aguirre Cerda,2006,66,40,63,78,67,72,87,77,71,51,60,63
Pedro Aguirre Cerda,2005,73,42,66,63,83,86,75,72,67,69,65,73
Pedro Aguirre Cerda,2004,55,50,56,52,74,84,95,84,71,44,62,61
Pedro Aguirre Cerda,2003,70,46,71,72,58,64,91,91,66,54,52,64
Pedro Aguirre Cerda,2002,70,50,60,76,79,72,81,73,79,58,46,56
Pedro Aguirre Cerda,2001,57,49,46,61,67,84,89,91,64,67,52,67
Pedro Aguirre Cerda,2000,66,65,57,52,59,64,60,70,63,62,73,62
Peñaflor,2020,60,31,43,38,84,,,,,,,
Peñaflor,2019,35,40,37,34,55,42,56,55,46,50,35,38
Peñaflor,2018,34,39,35,35,41,37,62,43,48,34,41,42
Peñaflor,2017,38,31,32,41,53,55,47,54,49,36,42,43
Peñaflor,2016,37,43,41,42,33,54,57,48,42,30,39,32
Peñaflor,2015,36,33,42,32,39,47,53,43,39,36,39,41
Peñaflor,2014,35,31,28,41,37,44,52,37,34,35,38,31
Peñaflor,2013,42,33,34,32,33,33,47,39,44,37,37,40
Peñaflor,2012,34,22,44,40,23,38,50,40,35,34,39,29
Peñaflor,2011,30,20,31,24,33,39,50,41,39,34,43,28
Peñaflor,2010,33,23,30,30,30,43,39,51,35,40,34,34
Peñaflor,2009,29,38,18,25,37,33,41,36,38,25,38,37
Peñaflor,2008,22,25,17,44,36,31,41,52,30,28,29,28
Peñaflor,2007,23,17,30,36,27,39,37,39,33,37,26,40
Peñaflor,2006,31,25,24,30,25,40,37,28,40,35,25,31
Peñaflor,2005,30,19,19,29,33,32,43,26,33,32,32,16
Peñaflor,2004,21,28,21,18,26,36,34,46,24,20,24,26
Peñaflor,2003,20,23,19,23,26,30,39,33,26,19,24,28
Peñaflor,2002,40,21,23,23,35,38,36,30,25,23,25,23
Peñaflor,2001,17,17,18,20,20,29,30,17,25,14,27,22
Peñaflor,2000,34,13,19,22,26,21,28,22,17,34,14,33
Peñalolén,2020,113,92,84,102,198,,,,,,,
Peñalolén,2019,116,84,97,80,93,111,111,115,98,96,86,98
Peñalolén,2018,91,80,105,92,127,123,119,154,115,117,84,88
Peñalolén,2017,123,91,85,97,114,124,126,114,104,106,93,101
Peñalolén,2016,90,88,92,98,120,104,115,113,97,100,78,116
Peñalolén,2015,89,105,83,81,102,126,131,123,117,126,87,90
Peñalolén,2014,97,86,84,102,96,127,140,117,88,92,106,81
Peñalolén,2013,88,91,82,73,79,102,113,112,106,89,72,82
Peñalolén,2012,81,85,79,82,111,115,98,101,91,105,103,103
Peñalolén,2011,96,76,69,95,100,98,106,104,86,86,96,90
Peñalolén,2010,88,60,83,96,108,100,119,121,86,87,86,81
Peñalolén,2009,90,50,77,71,72,97,115,91,83,103,87,76
Peñalolén,2008,75,91,74,76,85,96,93,112,89,71,78,85
Peñalolén,2007,67,78,71,101,84,116,124,102,84,78,78,81
Peñalolén,2006,61,62,72,76,76,84,82,89,100,85,70,93
Peñalolén,2005,82,73,75,58,100,88,96,82,85,85,79,63
Peñalolén,2004,49,67,69,80,92,115,88,86,71,60,61,60
Peñalolén,2003,65,62,59,56,101,85,95,94,80,69,84,57
Peñalolén,2002,73,67,75,71,72,71,74,67,89,69,70,71
Peñalolén,2001,58,58,76,73,64,82,81,75,58,83,56,61
Peñalolén,2000,56,66,56,56,73,73,68,80,60,62,74,62
Pirque,2020,10,13,11,11,20,,,,,,,
Pirque,2019,14,12,9,8,11,12,16,13,11,9,9,11
Pirque,2018,13,6,12,8,17,15,10,9,8,6,4,13
Pirque,2017,5,7,8,14,13,15,14,13,12,11,8,12
Pirque,2016,5,8,8,10,13,9,7,11,8,9,3,5
Pirque,2015,15,4,6,8,6,14,10,5,8,8,10,8
Pirque,2014,9,7,14,4,8,13,7,10,5,6,13,8
Pirque,2013,9,8,8,8,11,7,17,11,9,8,5,7
Pirque,2012,7,10,9,6,13,9,13,10,10,16,5,5
Pirque,2011,6,9,7,9,7,13,11,7,10,7,9,11
Pirque,2010,6,7,10,9,4,9,11,14,11,8,6,9
Pirque,2009,11,2,11,10,6,3,12,13,13,10,8,10
Pirque,2008,6,6,2,10,8,13,5,6,6,7,7,5
Pirque,2007,1,4,5,5,9,3,11,9,5,5,15,10
Pirque,2006,6,4,8,6,10,3,6,11,8,5,11,11
Pirque,2005,7,4,3,9,4,4,15,9,10,7,7,5
Pirque,2004,6,1,5,6,13,9,5,8,4,2,3,5
Pirque,2003,6,3,5,4,8,6,10,5,7,7,7,6
Pirque,2002,3,6,7,5,4,4,6,12,4,5,10,3
Pirque,2001,5,3,2,4,7,6,10,6,6,2,7,5
Pirque,2000,3,5,4,,10,6,9,3,8,3,4,7
Providencia,2020,100,76,79,81,114,,,,,,,
Providencia,2019,93,86,88,81,85,95,125,104,106,100,95,84
Providencia,2018,94,71,106,80,99,111,101,120,90,65,81,88
Providencia,2017,94,82,102,97,107,106,128,84,94,94,96,76
Providencia,2016,102,73,94,90,100,104,104,95,96,80,90,79
Providencia,2015,78,87,89,83,93,102,108,120,85,94,81,68
Providencia,2014,103,80,77,78,90,102,114,103,96,105,88,83
Providencia,2013,88,90,85,88,87,88,102,94,80,79,103,93
Providencia,2012,88,72,80,75,93,79,124,92,100,90,81,70
Providencia,2011,83,84,82,98,94,122,108,95,86,96,75,86
Providencia,2010,101,77,74,104,99,94,129,113,105,90,76,88
Providencia,2009,101,70,76,79,95,86,122,87,87,95,85,95
Providencia,2008,95,78,93,86,102,95,82,89,90,78,84,84
Providencia,2007,101,64,88,86,108,112,130,115,96,114,83,94
Providencia,2006,108,67,89,69,91,100,90,103,95,85,92,78
Providencia,2005,98,80,77,87,101,98,120,96,102,94,77,91
Providencia,2004,86,77,65,65,100,112,97,107,90,97,82,79
Providencia,2003,92,87,78,75,107,96,103,110,117,76,88,70
Providencia,2002,91,73,80,73,81,112,104,89,82,86,99,80
Providencia,2001,84,79,75,72,79,97,106,101,95,81,87,102
Providencia,2000,88,72,66,88,101,85,90,87,94,90,88,70
Pudahuel,2020,89,84,91,78,137,,,,,,,
Pudahuel,2019,93,83,82,89,88,111,141,114,104,82,96,71
Pudahuel,2018,64,87,88,83,87,94,119,94,96,96,85,91
Pudahuel,2017,90,74,81,73,89,111,116,98,101,85,73,84
Pudahuel,2016,92,73,84,99,85,95,120,117,93,77,86,85
Pudahuel,2015,83,64,56,83,86,92,91,93,89,89,86,92
Pudahuel,2014,90,69,71,86,85,95,106,96,94,107,80,91
Pudahuel,2013,88,56,68,69,75,81,116,97,112,80,81,69
Pudahuel,2012,92,75,61,60,85,79,100,91,88,93,72,83
Pudahuel,2011,78,63,56,76,69,85,86,90,85,68,77,70
Pudahuel,2010,75,74,55,67,66,98,96,81,79,84,67,80
Pudahuel,2009,55,53,67,74,82,90,96,70,71,63,68,74
Pudahuel,2008,69,58,70,57,80,63,69,82,74,72,65,73
Pudahuel,2007,59,53,66,77,79,95,99,69,80,68,67,65
Pudahuel,2006,70,71,63,63,65,75,71,73,71,75,63,56
Pudahuel,2005,71,44,73,66,58,87,77,76,69,58,65,68
Pudahuel,2004,62,55,53,48,81,69,64,66,69,57,52,60
Pudahuel,2003,59,64,55,56,76,54,81,77,54,48,55,66
Pudahuel,2002,52,51,60,76,72,56,94,60,70,60,74,66
Pudahuel,2001,65,53,50,53,60,65,63,61,78,70,60,61
Pudahuel,2000,47,40,45,59,52,65,60,46,56,54,52,66
Puente Alto,2020,183,189,211,187,366,,,,,,,
Puente Alto,2019,188,231,194,201,257,285,271,228,237,233,224,181
Puente Alto,2018,169,192,227,221,202,208,257,231,224,206,180,205
Puente Alto,2017,205,163,178,205,236,285,241,240,221,222,193,210
Puente Alto,2016,218,177,174,207,207,210,276,227,234,216,197,165
Puente Alto,2015,171,158,193,175,236,222,244,248,212,213,184,204
Puente Alto,2014,195,160,170,186,188,226,239,234,194,196,212,170
Puente Alto,2013,170,159,182,172,185,196,247,229,191,207,154,174
Puente Alto,2012,161,150,180,179,182,205,228,200,185,180,170,180
Puente Alto,2011,171,156,150,185,180,172,212,200,216,165,161,198
Puente Alto,2010,155,147,131,167,222,184,201,228,197,194,192,162
Puente Alto,2009,167,146,141,164,182,172,195,188,165,161,149,142
Puente Alto,2008,164,113,124,145,182,188,181,158,178,132,138,134
Puente Alto,2007,134,129,155,141,158,218,200,183,156,160,143,167
Puente Alto,2006,157,126,114,126,142,129,160,198,148,124,149,147
Puente Alto,2005,153,133,110,149,163,179,144,133,134,159,138,119
Puente Alto,2004,117,121,125,110,136,185,208,156,142,139,143,145
Puente Alto,2003,121,104,107,114,172,104,149,141,139,123,131,124
Puente Alto,2002,114,91,141,123,128,140,141,143,141,147,113,120
Puente Alto,2001,96,95,113,107,149,135,128,149,129,126,103,113
Puente Alto,2000,107,98,92,128,125,146,132,126,112,123,117,124
Quilicura,2020,71,64,61,57,107,,,,,,,
Quilicura,2019,52,67,46,60,62,75,66,62,61,64,58,67
Quilicura,2018,56,49,50,44,58,51,64,82,63,60,70,43
Quilicura,2017,59,35,60,48,60,58,60,64,60,58,46,66
Quilicura,2016,49,55,39,59,68,62,84,52,62,53,53,51
Quilicura,2015,57,54,48,55,45,61,50,51,63,54,55,61
Quilicura,2014,53,41,47,47,49,57,63,52,66,48,54,46
Quilicura,2013,43,38,54,39,69,40,53,64,33,44,43,40
Quilicura,2012,44,52,36,44,49,61,56,58,56,51,46,35
Quilicura,2011,42,25,40,31,53,44,52,50,44,36,36,36
Quilicura,2010,37,49,29,31,50,53,49,51,49,38,35,43
Quilicura,2009,28,44,33,33,36,44,53,37,38,40,45,50
Quilicura,2008,41,27,34,42,29,41,41,41,43,35,30,38
Quilicura,2007,27,31,31,31,45,48,39,49,43,36,26,42
Quilicura,2006,40,33,36,26,31,28,44,37,28,34,31,37
Quilicura,2005,25,36,26,25,35,38,46,30,44,37,30,29
Quilicura,2004,34,23,24,28,45,33,47,34,30,21,25,36
Quilicura,2003,28,19,30,21,17,27,30,32,23,29,29,24
Quilicura,2002,20,20,19,25,28,18,21,32,29,25,25,21
Quilicura,2001,23,25,18,19,23,34,24,24,30,18,29,30
Quilicura,2000,17,23,14,25,17,23,19,30,26,24,14,33
Quinta Normal,2020,58,58,65,62,124,,,,,,,
Quinta Normal,2019,61,53,63,69,86,93,86,86,65,72,80,71
Quinta Normal,2018,57,59,61,65,70,92,88,79,73,67,74,54
Quinta Normal,2017,50,57,85,65,67,99,79,81,94,63,60,60
Quinta Normal,2016,69,54,52,64,81,76,92,76,88,54,43,57
Quinta Normal,2015,76,56,79,73,73,94,82,78,79,72,75,61
Quinta Normal,2014,66,48,46,63,71,94,116,82,66,72,67,73
Quinta Normal,2013,69,56,60,73,94,70,97,73,71,80,57,66
Quinta Normal,2012,59,66,58,63,77,73,109,90,62,66,51,66
Quinta Normal,2011,57,62,62,67,79,94,84,88,63,55,73,63
Quinta Normal,2010,68,47,57,56,89,67,113,76,84,93,69,58
Quinta Normal,2009,69,47,49,76,66,77,91,84,57,52,57,65
Quinta Normal,2008,91,59,63,56,83,78,82,66,75,50,68,65
Quinta Normal,2007,70,54,56,72,79,92,101,84,91,60,70,70
Quinta Normal,2006,65,37,68,56,74,73,75,86,72,77,68,66
Quinta Normal,2005,74,44,71,73,67,92,81,64,70,62,49,67
Quinta Normal,2004,78,59,63,76,95,82,105,75,76,56,53,63
Quinta Normal,2003,75,56,46,64,69,86,80,106,64,56,57,60
Quinta Normal,2002,84,58,56,67,66,72,84,77,85,60,58,69
Quinta Normal,2001,65,72,58,76,77,92,88,87,75,62,61,67
Quinta Normal,2000,72,71,67,67,61,82,71,88,74,47,60,59
Recoleta,2020,95,72,82,96,242,,,,,,,
Recoleta,2019,99,95,84,74,98,106,126,124,111,93,83,80
Recoleta,2018,75,83,87,96,100,119,105,98,122,79,96,83
Recoleta,2017,92,70,74,76,95,116,133,103,102,95,73,83
Recoleta,2016,96,77,85,106,94,107,125,108,102,117,74,78
Recoleta,2015,85,70,85,93,101,100,136,110,105,103,70,78
Recoleta,2014,74,82,84,104,110,113,130,104,93,92,83,81
Recoleta,2013,76,74,78,87,104,99,107,93,100,71,77,67
Recoleta,2012,89,97,76,88,99,92,132,128,97,95,89,95
Recoleta,2011,85,64,71,87,92,106,103,115,112,91,98,71
Recoleta,2010,75,84,75,86,105,116,118,136,114,85,87,93
Recoleta,2009,100,80,80,80,99,121,118,99,119,86,84,95
Recoleta,2008,95,58,78,71,82,103,104,103,89,68,73,81
Recoleta,2007,94,54,89,87,88,133,121,120,100,91,76,70
Recoleta,2006,88,70,81,97,76,107,99,99,97,70,88,78
Recoleta,2005,85,66,75,78,103,111,104,108,85,80,79,69
Recoleta,2004,86,71,81,85,131,114,127,116,82,69,60,75
Recoleta,2003,91,85,95,90,95,89,111,106,87,78,91,98
Recoleta,2002,78,67,79,84,87,83,88,86,97,78,77,74
Recoleta,2001,92,72,91,69,97,110,121,96,94,71,75,80
Recoleta,2000,82,63,74,76,82,105,112,93,97,89,104,90
Renca,2020,75,60,52,65,113,,,,,,,
Renca,2019,64,52,63,60,97,93,78,70,81,77,66,61
Renca,2018,68,56,64,58,62,86,88,81,63,57,71,82
Renca,2017,76,70,54,61,73,84,68,67,64,59,59,67
Renca,2016,63,49,64,85,77,71,91,80,80,66,67,66
Renca,2015,55,47,59,56,74,57,97,78,66,58,58,56
Renca,2014,64,47,52,59,49,81,88,101,69,68,58,71
Renca,2013,62,56,53,46,70,85,69,79,71,71,54,58
Renca,2012,51,43,61,56,57,75,71,64,55,63,63,65
Renca,2011,55,54,60,63,69,76,90,70,74,62,65,52
Renca,2010,60,48,58,69,62,75,68,67,64,80,45,50
Renca,2009,65,53,55,55,52,60,82,71,66,56,53,63
Renca,2008,43,47,58,64,48,50,64,85,49,46,36,49
Renca,2007,46,36,49,56,59,79,75,68,54,55,61,53
Renca,2006,63,39,56,59,65,62,61,62,57,59,59,59
Renca,2005,52,58,50,65,61,72,58,50,52,29,61,54
Renca,2004,54,42,44,49,69,60,54,64,41,62,44,61
Renca,2003,54,51,50,45,62,66,64,60,54,57,50,52
Renca,2002,40,36,56,38,46,55,57,60,60,51,46,49
Renca,2001,39,46,34,42,47,68,56,61,56,53,50,50
Renca,2000,66,43,47,48,50,53,59,68,42,38,43,64
San Bernardo,2020,136,104,139,134,219,,,,,,,
San Bernardo,2019,119,122,115,121,148,163,166,151,128,152,120,123
San Bernardo,2018,113,133,133,150,156,155,167,150,127,117,123,121
San Bernardo,2017,136,97,112,137,133,166,170,148,132,133,122,116
San Bernardo,2016,120,106,126,130,124,153,163,145,137,117,115,112
San Bernardo,2015,113,104,114,128,145,127,156,142,120,136,135,114
San Bernardo,2014,122,120,118,119,114,153,177,160,126,122,124,133
San Bernardo,2013,115,92,138,112,131,145,145,146,139,108,126,110
San Bernardo,2012,136,105,99,108,129,155,152,159,119,122,117,119
San Bernardo,2011,112,96,112,100,119,139,143,124,114,113,113,139
San Bernardo,2010,100,85,95,95,126,103,142,151,114,122,100,88
San Bernardo,2009,95,85,108,111,134,122,163,119,120,117,110,115
San Bernardo,2008,111,105,107,106,137,106,123,106,114,107,99,113
San Bernardo,2007,126,103,124,113,118,173,144,150,151,118,125,107
San Bernardo,2006,94,92,107,117,110,113,129,139,135,108,96,106
San Bernardo,2005,118,64,92,109,116,120,120,121,114,112,81,111
San Bernardo,2004,97,78,96,93,122,134,131,117,91,99,110,105
San Bernardo,2003,88,71,106,109,106,106,113,117,104,97,102,97
San Bernardo,2002,81,88,102,86,76,91,104,98,95,95,83,93
San Bernardo,2001,81,81,70,78,112,111,104,112,80,69,79,82
San Bernardo,2000,87,82,73,85,79,78,115,106,84,68,89,80
San Joaquín,2020,73,49,48,60,98,,,,,,,
San Joaquín,2019,46,65,55,68,69,82,59,73,68,51,31,43
San Joaquín,2018,60,49,50,52,65,60,64,76,82,50,45,60
San Joaquín,2017,60,48,49,67,62,86,86,71,72,56,57,56
San Joaquín,2016,51,63,55,61,61,59,81,54,50,63,58,49
San Joaquín,2015,62,58,72,54,63,72,72,79,61,59,53,65
San Joaquín,2014,63,38,55,63,64,84,81,58,61,53,56,48
San Joaquín,2013,42,48,43,56,60,61,52,76,60,50,49,57
San Joaquín,2012,56,51,74,53,61,67,73,80,50,68,44,52
San Joaquín,2011,55,49,53,55,59,67,70,60,66,63,41,55
San Joaquín,2010,70,40,57,65,64,75,59,103,66,53,65,63
San Joaquín,2009,47,43,43,40,54,65,76,65,66,53,56,43
San Joaquín,2008,52,58,58,60,69,62,57,65,65,63,58,54
San Joaquín,2007,49,32,54,65,72,58,87,71,64,59,55,69
San Joaquín,2006,71,39,57,60,56,53,61,63,52,47,54,43
San Joaquín,2005,64,42,62,57,84,68,67,57,50,48,46,55
San Joaquín,2004,60,44,46,65,80,65,69,65,50,55,53,46
San Joaquín,2003,56,36,59,43,51,50,80,51,50,49,46,53
San Joaquín,2002,60,46,58,48,51,44,70,60,68,63,61,47
San Joaquín,2001,55,32,57,48,59,73,71,62,63,53,46,71
San Joaquín,2000,46,41,43,56,53,72,66,58,66,44,54,49
San José de Maipo,2020,8,2,6,4,9,,,,,,,
San José de Maipo,2019,7,8,9,6,7,17,11,9,8,10,15,10
San José de Maipo,2018,5,9,12,7,11,5,13,6,9,12,7,4
San José de Maipo,2017,9,5,5,13,8,9,6,14,4,4,7,7
San José de Maipo,2016,9,11,7,11,8,18,7,4,6,6,8,7
San José de Maipo,2015,4,5,8,12,12,13,12,10,10,16,8,10
San José de Maipo,2014,7,9,7,9,10,10,7,8,8,5,4,6
San José de Maipo,2013,9,3,3,4,6,13,6,11,6,8,7,7
San José de Maipo,2012,10,4,4,9,4,6,11,8,7,5,8,7
San José de Maipo,2011,8,7,6,8,14,12,10,2,9,3,4,10
San José de Maipo,2010,6,7,7,6,7,9,5,6,6,8,6,4
San José de Maipo,2009,10,4,5,7,8,5,10,13,7,15,5,3
San José de Maipo,2008,8,4,7,2,4,7,10,11,7,5,6,7
San José de Maipo,2007,6,3,1,7,9,9,10,2,4,10,6,3
San José de Maipo,2006,6,4,5,8,7,9,12,9,1,10,5,4
San José de Maipo,2005,7,4,10,4,6,4,8,7,5,5,3,8
San José de Maipo,2004,8,7,9,13,12,8,9,8,6,9,5,6
San José de Maipo,2003,5,3,9,12,7,10,10,17,6,3,13,4
San José de Maipo,2002,5,5,7,6,4,3,7,5,11,6,10,5
San José de Maipo,2001,3,4,5,8,7,6,8,3,9,4,6,6
San José de Maipo,2000,5,8,5,3,5,5,9,5,3,7,6,2
San Miguel,2020,64,73,80,66,112,,,,,,,
San Miguel,2019,73,67,63,52,74,109,112,83,70,72,73,73
San Miguel,2018,52,59,82,65,75,62,69,91,85,58,74,60
San Miguel,2017,78,61,62,67,101,90,93,79,87,77,72,71
San Miguel,2016,58,64,39,81,80,80,88,90,72,81,52,42
San Miguel,2015,77,67,66,60,81,71,88,76,69,67,65,63
San Miguel,2014,76,64,68,56,70,91,106,72,59,63,67,52
San Miguel,2013,87,69,66,64,84,73,94,64,94,72,62,69
San Miguel,2012,71,46,69,62,69,85,89,92,90,71,56,66
San Miguel,2011,64,65,59,61,77,75,91,74,71,78,62,71
San Miguel,2010,52,48,71,67,61,80,94,88,84,65,54,130
San Miguel,2009,71,52,53,49,65,74,73,67,57,60,45,42
San Miguel,2008,72,51,55,61,61,69,78,60,58,64,58,51
San Miguel,2007,63,54,46,51,63,117,114,97,63,55,50,54
San Miguel,2006,56,44,55,35,79,78,70,93,79,75,51,66
San Miguel,2005,59,58,52,53,60,74,87,69,83,61,57,53
San Miguel,2004,56,54,57,49,73,81,70,78,59,59,76,54
San Miguel,2003,70,60,53,64,76,73,93,101,62,59,64,65
San Miguel,2002,51,29,62,50,68,75,86,75,54,70,57,62
San Miguel,2001,63,36,70,50,57,106,62,60,60,65,53,61
San Miguel,2000,56,42,45,46,71,63,72,64,64,45,65,51
San Pedro,2020,5,5,6,7,5,,,,,,,
San Pedro,2019,5,2,2,2,9,4,9,8,3,8,6,5
San Pedro,2018,2,2,4,8,3,7,4,5,4,5,4,3
San Pedro,2017,5,5,1,2,1,5,4,5,5,7,5,3
San Pedro,2016,7,6,1,2,3,5,10,5,5,1,7,4
San Pedro,2015,8,6,6,3,4,4,5,6,9,3,4,4
San Pedro,2014,4,5,5,1,1,8,5,7,6,3,4,3
San Pedro,2013,5,2,2,2,3,7,8,8,1,6,,5
San Pedro,2012,5,5,7,6,3,5,5,1,2,6,8,3
San Pedro,2011,5,2,3,4,1,2,6,2,2,5,1,5
San Pedro,2010,3,2,3,4,4,5,6,5,6,2,5,5
San Pedro,2009,,2,2,3,4,1,3,2,5,4,3,6
San Pedro,2008,6,4,2,6,2,4,5,7,3,3,6,2
San Pedro,2007,5,4,2,3,9,5,5,5,4,1,1,3
San Pedro,2006,5,8,4,1,6,3,4,3,6,4,2,4
San Pedro,2005,5,2,5,4,6,6,6,2,4,2,1,4
San Pedro,2004,1,3,,1,1,5,2,3,,,,1
San Pedro,2003,1,1,3,,,1,1,1,1,2,2,2
San Pedro,2002,4,2,2,3,,,3,1,1,3,2,
San Pedro,2001,3,2,3,,2,2,4,4,2,1,4,1
San Pedro,2000,1,6,1,4,5,4,3,6,4,,1,1
San Ramón,2020,57,49,58,61,114,,,,,,,
San Ramón,2019,47,50,41,60,65,61,68,47,55,56,53,57
San Ramón,2018,56,44,41,57,58,61,66,68,55,63,50,60
San Ramón,2017,58,45,51,52,55,68,74,66,54,52,45,32
San Ramón,2016,55,44,44,52,55,49,62,61,41,58,55,44
San Ramón,2015,52,46,55,43,55,46,63,78,49,51,57,45
San Ramón,2014,53,49,48,53,50,63,73,53,52,45,56,51
San Ramón,2013,60,47,56,39,48,66,75,70,68,45,54,50
San Ramón,2012,42,44,45,41,43,66,67,77,52,60,55,58
San Ramón,2011,60,47,48,58,54,57,55,56,53,45,40,39
San Ramón,2010,47,45,52,46,58,64,58,63,58,50,59,44
San Ramón,2009,47,33,49,43,51,64,65,51,45,47,50,58
San Ramón,2008,38,29,52,40,42,54,42,45,52,54,48,37
San Ramón,2007,38,27,46,48,61,61,56,79,62,45,39,57
San Ramón,2006,47,47,31,49,45,58,45,59,50,41,35,45
San Ramón,2005,32,32,38,42,50,60,52,49,52,39,45,34
San Ramón,2004,40,31,34,40,55,63,55,46,50,37,30,53
San Ramón,2003,40,36,43,45,43,40,57,65,36,55,45,36
San Ramón,2002,39,34,37,39,41,46,46,50,48,56,34,39
San Ramón,2001,38,45,39,43,49,54,48,43,54,50,30,39
San Ramón,2000,42,40,31,36,43,43,47,42,49,34,36,46
Santiago,2020,130,120,101,125,234,,,,,,,
Santiago,2019,126,100,132,132,140,184,167,164,146,118,130,121
Santiago,2018,115,113,106,121,141,151,146,170,126,132,135,135
Santiago,2017,136,109,96,120,120,185,136,138,130,103,98,124
Santiago,2016,126,103,112,116,134,113,169,146,137,128,144,104
Santiago,2015,95,102,97,93,134,147,155,162,109,151,130,104
Santiago,2014,135,113,98,113,139,177,196,146,143,123,117,115
Santiago,2013,114,112,123,115,133,132,164,149,127,128,121,99
Santiago,2012,122,104,123,137,123,134,158,137,116,135,113,126
Santiago,2011,114,93,112,108,123,132,171,152,137,130,123,117
Santiago,2010,126,107,106,119,122,123,144,164,163,129,116,108
Santiago,2009,117,101,99,98,133,146,153,126,104,141,131,110
Santiago,2008,109,115,103,122,123,158,145,138,124,106,107,105
Santiago,2007,122,127,113,98,107,170,154,164,122,110,107,113
Santiago,2006,107,123,95,118,111,109,132,141,100,131,106,111
Santiago,2005,107,89,133,131,143,150,158,119,135,118,106,113
Santiago,2004,128,93,99,103,146,162,127,127,112,118,105,114
Santiago,2003,100,109,103,121,146,142,132,157,124,121,108,107
Santiago,2002,119,115,97,110,129,168,139,135,116,127,127,99
Santiago,2001,98,119,91,135,132,155,155,118,150,132,146,142
Santiago,2000,118,103,106,113,125,151,156,142,127,91,97,121
Talagante,2020,30,34,35,42,44,,,,,,,
Talagante,2019,35,28,37,31,42,39,39,40,30,37,38,28
Talagante,2018,33,18,34,27,25,40,31,36,30,40,37,34
Talagante,2017,31,29,24,36,31,41,45,40,25,28,23,28
Talagante,2016,36,24,31,32,36,36,31,31,29,24,34,23
Talagante,2015,26,33,30,24,36,28,28,40,33,37,29,32
Talagante,2014,31,25,21,27,39,25,34,36,27,35,30,38
Talagante,2013,25,19,23,21,25,31,43,35,31,33,28,21
Talagante,2012,25,26,35,35,20,24,31,32,36,29,25,38
Talagante,2011,34,23,24,23,20,36,38,32,20,21,24,23
Talagante,2010,19,28,21,17,33,31,33,34,30,24,19,25
Talagante,2009,18,19,28,20,30,22,25,28,21,32,24,24
Talagante,2008,26,30,18,21,17,27,31,20,32,22,16,18
Talagante,2007,28,21,16,23,29,33,28,26,26,25,25,17
Talagante,2006,28,19,27,25,21,20,21,24,30,16,17,22
Talagante,2005,20,17,21,22,32,20,25,14,25,28,11,24
Talagante,2004,14,16,19,13,29,18,24,26,25,24,16,18
Talagante,2003,25,16,13,25,32,18,26,30,20,24,14,20
Talagante,2002,19,14,21,18,25,20,32,25,17,14,14,28
Talagante,2001,17,19,13,19,24,33,24,26,22,16,21,17
Talagante,2000,13,18,17,13,16,20,26,19,27,24,17,17
Tiltil,2020,12,5,8,7,12,,,,,,,
Tiltil,2019,4,7,3,8,9,7,12,8,9,12,9,5
Tiltil,2018,6,5,5,5,9,9,7,11,12,7,11,10
Tiltil,2017,5,5,9,10,6,10,6,8,11,9,5,11
Tiltil,2016,9,5,8,9,8,13,5,5,12,9,5,10
Tiltil,2015,3,6,3,7,10,9,12,9,9,9,13,7
Tiltil,2014,8,4,8,8,8,7,9,6,4,12,8,6
Tiltil,2013,4,7,2,2,7,4,12,10,11,10,8,12
Tiltil,2012,8,4,8,4,8,5,5,2,9,14,10,6
Tiltil,2011,5,6,3,4,4,8,14,4,11,7,6,5
Tiltil,2010,6,2,5,8,9,7,7,14,4,5,7,4
Tiltil,2009,5,4,5,5,10,4,5,4,6,7,8,4
Tiltil,2008,4,6,3,11,10,7,8,6,10,8,8,4
Tiltil,2007,8,6,9,2,3,9,9,15,8,6,8,2
Tiltil,2006,5,6,4,5,10,6,5,8,2,5,3,6
Tiltil,2005,8,5,4,8,7,8,9,6,11,4,4,6
Tiltil,2004,3,1,2,3,8,12,7,9,3,7,5,2
Tiltil,2003,9,6,6,6,8,10,5,7,4,9,5,3
Tiltil,2002,3,5,9,10,4,10,9,3,5,5,5,5
Tiltil,2001,5,5,5,3,6,13,7,4,3,4,5,6
Tiltil,2000,2,7,5,9,9,6,6,6,4,2,2,3
Vitacura,2020,40,41,32,46,58,,,,,,,
Vitacura,2019,46,32,39,41,34,58,49,43,39,35,41,38
Vitacura,2018,46,34,29,51,51,52,46,44,42,36,44,39
Vitacura,2017,35,32,44,39,45,64,49,51,51,41,45,35
Vitacura,2016,39,31,41,33,40,42,38,48,33,54,32,34
Vitacura,2015,43,28,42,41,38,37,39,44,35,33,45,43
Vitacura,2014,41,24,45,35,32,44,54,44,40,47,51,48
Vitacura,2013,33,27,32,33,41,40,34,36,40,47,43,33
Vitacura,2012,46,33,27,49,37,37,43,44,32,39,41,41
Vitacura,2011,27,48,40,35,37,52,43,32,50,46,40,35
Vitacura,2010,39,43,35,56,41,34,51,50,32,37,38,28
Vitacura,2009,39,33,40,42,42,36,45,50,57,29,30,31
Vitacura,2008,49,32,34,25,39,47,31,45,36,33,35,35
Vitacura,2007,32,33,31,39,46,58,49,50,32,42,46,44
Vitacura,2006,32,34,31,39,39,34,54,44,35,38,42,36
Vitacura,2005,34,30,35,31,22,46,43,43,17,41,32,26
Vitacura,2004,25,33,31,33,35,40,46,39,28,37,35,30
Vitacura,2003,27,29,31,26,44,30,27,42,33,49,31,34
Vitacura,2002,29,26,33,26,34,40,35,25,40,35,24,37
Vitacura,2001,27,17,29,23,24,28,32,35,24,30,38,37
Vitacura,2000,28,29,26,26,25,34,26,36,22,38,29,23
