date;week;region;Mean(R);Quantile.0.025(R);Quantile.0.975(R)
2020-03-21;12;Tarapacá; 4,9674936;0,125073287;18,0441457
2020-03-22;12;Tarapacá; 4,9914449;0,125665482;18,3242070
2020-03-23;13;Tarapacá;10,0057070;1,193535300;28,0746686
2020-03-24;13;Tarapacá;16,8609214;4,483071811;38,8577888
2020-03-25;13;Tarapacá; 7,5161574;1,444469079;21,7552944
2020-03-26;13;Tarapacá; 4,6280757;1,225212914;12,2352681
2020-03-27;13;Tarapacá; 2,9879988;0,908428940; 7,1188471
2020-03-28;13;Tarapacá; 2,2262982;0,732538213; 4,8515968
2020-03-29;13;Tarapacá; 2,1452590;0,800690914; 4,2733717
2020-03-30;14;Tarapacá; 2,3462327;1,022321837; 4,3086920
2020-03-31;14;Tarapacá; 2,4125016;1,121174052; 4,2629409
2020-04-01;14;Tarapacá; 2,0048158;0,931487407; 3,5625238
2020-04-02;14;Tarapacá; 2,0110146;1,017152446; 3,4143278
2020-04-03;14;Tarapacá; 1,8667386;0,971998390; 3,1033920
2020-04-04;14;Tarapacá; 2,0882650;1,170458299; 3,3212408
2020-04-05;14;Tarapacá; 2,1013417;1,218764972; 3,2667081
2020-04-06;15;Tarapacá; 1,7799117;1,025867040; 2,8088173
2020-04-07;15;Tarapacá; 1,4761724;0,855089936; 2,2967301
2020-04-08;15;Tarapacá; 1,5425212;0,951055277; 2,3224530
2020-04-09;15;Tarapacá; 1,5404466;0,975722480; 2,2529342
2020-04-10;15;Tarapacá; 1,7461061;1,159261391; 2,4794316
2020-04-11;15;Tarapacá; 1,7140445;1,136054913; 2,4192899
2020-04-12;15;Tarapacá; 1,8382156;1,246383150; 2,5578274
2020-04-13;16;Tarapacá; 1,7755092;1,210733577; 2,4674099
2020-04-14;16;Tarapacá; 1,8387029;1,280372079; 2,5281095
2020-04-15;16;Tarapacá; 1,6112133;1,118449456; 2,2185793
2020-04-16;16;Tarapacá; 1,4851056;1,050684303; 2,0160960
2020-04-17;16;Tarapacá; 1,5063951;1,102770162; 1,9897607
2020-04-18;16;Tarapacá; 1,4694207;1,088850847; 1,9219643
2020-04-19;16;Tarapacá; 1,4755950;1,105095169; 1,9125661
2020-04-20;17;Tarapacá; 1,3967479;1,051988377; 1,7920335
2020-04-21;17;Tarapacá; 1,4554118;1,122483923; 1,8471827
2020-04-22;17;Tarapacá; 1,4638007;1,133906617; 1,8474199
2020-04-23;17;Tarapacá; 1,5167874;1,180529631; 1,9066431
2020-04-24;17;Tarapacá; 1,3913032;1,076572189; 1,7412246
2020-04-25;17;Tarapacá; 1,3652645;1,075869416; 1,6989841
2020-04-26;17;Tarapacá; 1,3363378;1,066126554; 1,6476220
2020-04-27;18;Tarapacá; 1,2780803;1,022245231; 1,5665681
2020-04-28;18;Tarapacá; 1,1559466;0,929002892; 1,4129403
2020-04-29;18;Tarapacá; 1,2576579;1,034879395; 1,5115869
2020-04-30;18;Tarapacá; 1,3147929;1,083141963; 1,5695950
2020-05-01;18;Tarapacá; 1,2005141;0,979243150; 1,4386621
2020-05-02;18;Tarapacá; 1,1840217;0,975713912; 1,4156744
2020-05-03;18;Tarapacá; 1,5852749;1,352739038; 1,8443693
2020-05-04;19;Tarapacá; 1,6261618;1,330569764; 1,9218444
2020-05-05;19;Tarapacá; 1,5829852;1,268475061; 1,9166210
2020-05-06;19;Tarapacá; 1,4758121;1,181414424; 1,8026387
2020-05-07;19;Tarapacá; 1,7316192;1,424902251; 2,0805520
2020-05-08;19;Tarapacá; 1,7417053;1,388974369; 2,1176610
2020-05-09;19;Tarapacá; 1,6181834;1,279707365; 1,9901751
2020-05-10;19;Tarapacá; 1,5387979;1,237667741; 1,8902572
2020-05-11;20;Tarapacá; 1,4641604;1,201217246; 1,7681050
2020-05-12;20;Tarapacá; 1,4300529;1,195311438; 1,7016703
2020-05-13;20;Tarapacá; 1,3941790;1,180825251; 1,6338493
2020-05-14;20;Tarapacá; 1,4487218;1,239787741; 1,6783711
2020-05-15;20;Tarapacá; 1,6022980;1,371458328; 1,8484735
2020-05-16;20;Tarapacá; 1,5913231;1,323935449; 1,8545506
2020-05-17;20;Tarapacá; 1,5943908;1,319979763; 1,8781260
2020-05-18;21;Tarapacá; 1,5574032;1,287384969; 1,8433575
2020-05-19;21;Tarapacá; 1,4566488;1,212293885; 1,7225458
2020-05-20;21;Tarapacá; 1,3556548;1,154486820; 1,5870096
2020-05-21;21;Tarapacá; 1,3064795;1,137559020; 1,5015947
2020-05-22;21;Tarapacá; 1,3847658;1,224950234; 1,5631270
2020-05-23;21;Tarapacá; 1,3668935;1,200463060; 1,5379372
2020-05-24;21;Tarapacá; 1,3514031;1,186906583; 1,5188840
2020-05-25;22;Tarapacá; 1,3137721;1,159919513; 1,4739901
2020-05-26;22;Tarapacá; 1,3233252;1,178127118; 1,4767405
2020-05-27;22;Tarapacá; 1,2865398;1,146507110; 1,4329439
2020-05-28;22;Tarapacá; 1,2970467;1,164101806; 1,4381867
2020-05-29;22;Tarapacá; 1,2655896;1,137264052; 1,3988551
2020-05-30;22;Tarapacá; 1,2845177;1,161024800; 1,4148619
2020-05-31;22;Tarapacá; 1,2030277;1,085033933; 1,3222350
2020-06-01;23;Tarapacá; 1,2208584;1,117481914; 1,3333589
2020-06-02;23;Tarapacá; 1,1839509;1,083982531; 1,2878474
2020-03-21;12;Antofagasta; 4,9298946;2,099172800; 9,2710175
2020-03-22;12;Antofagasta; 3,5586245;1,405163937; 7,1744103
2020-03-23;13;Antofagasta; 2,4910451;1,051349571; 5,0230126
2020-03-24;13;Antofagasta; 2,2675321;1,086317236; 4,2155878
2020-03-25;13;Antofagasta; 2,6523470;1,441386450; 4,4507044
2020-03-26;13;Antofagasta; 2,2259531;1,200736266; 3,7095666
2020-03-27;13;Antofagasta; 1,8998381;1,065239641; 3,1041304
2020-03-28;13;Antofagasta; 1,7684631;1,045890297; 2,7694243
2020-03-29;13;Antofagasta; 1,6751230;1,030413309; 2,5324842
2020-03-30;14;Antofagasta; 1,9484470;1,275969480; 2,8100965
2020-03-31;14;Antofagasta; 1,6933822;1,085231155; 2,4817572
2020-04-01;14;Antofagasta; 1,6624687;1,106470795; 2,3744729
2020-04-02;14;Antofagasta; 1,8002092;1,244632355; 2,4926843
2020-04-03;14;Antofagasta; 1,6823660;1,163875283; 2,3159544
2020-04-04;14;Antofagasta; 1,4004093;0,964202170; 1,9434894
2020-04-05;14;Antofagasta; 1,3951980;0,995435722; 1,8836672
2020-04-06;15;Antofagasta; 1,5092408;1,108837073; 1,9868779
2020-04-07;15;Antofagasta; 1,3601613;1,000632014; 1,7907573
2020-04-08;15;Antofagasta; 1,3064236;0,965169380; 1,7018052
2020-04-09;15;Antofagasta; 1,5286647;1,170259343; 1,9410976
2020-04-10;15;Antofagasta; 1,7344160;1,337831562; 2,1921588
2020-04-11;15;Antofagasta; 1,5989175;1,195233384; 2,0546528
2020-04-12;15;Antofagasta; 1,7233151;1,322695709; 2,2106301
2020-04-13;16;Antofagasta; 1,5751556;1,189120455; 2,0281197
2020-04-14;16;Antofagasta; 1,4858401;1,143457280; 1,8982251
2020-04-15;16;Antofagasta; 1,5444997;1,218568379; 1,9375076
2020-04-16;16;Antofagasta; 1,4858007;1,172976487; 1,8478623
2020-04-17;16;Antofagasta; 1,4671141;1,174869072; 1,8046481
2020-04-18;16;Antofagasta; 1,4667992;1,183567829; 1,7938704
2020-04-19;16;Antofagasta; 1,4879669;1,213164108; 1,8097878
2020-04-20;17;Antofagasta; 1,4072290;1,147312502; 1,7046869
2020-04-21;17;Antofagasta; 1,4784581;1,225111617; 1,7739007
2020-04-22;17;Antofagasta; 1,5255027;1,261931037; 1,8202764
2020-04-23;17;Antofagasta; 1,3856021;1,132371409; 1,6676280
2020-04-24;17;Antofagasta; 1,3223704;1,101578064; 1,5800801
2020-04-25;17;Antofagasta; 1,3268028;1,125817672; 1,5614772
2020-04-26;17;Antofagasta; 1,3873844;1,189141061; 1,6142029
2020-04-27;18;Antofagasta; 1,3088554;1,114399919; 1,5243121
2020-04-28;18;Antofagasta; 1,3011312;1,118404689; 1,5057399
2020-04-29;18;Antofagasta; 1,2730366;1,100280486; 1,4650424
2020-04-30;18;Antofagasta; 1,2645123;1,101035054; 1,4445153
2020-05-01;18;Antofagasta; 1,2826750;1,121423807; 1,4592607
2020-05-02;18;Antofagasta; 1,4580847;1,281966010; 1,6473603
2020-05-03;18;Antofagasta; 1,4668523;1,255688057; 1,6808602
2020-05-04;19;Antofagasta; 1,3661381;1,156390023; 1,5859373
2020-05-05;19;Antofagasta; 1,3287739;1,142504528; 1,5408161
2020-05-06;19;Antofagasta; 1,2677411;1,103824334; 1,4571102
2020-05-07;19;Antofagasta; 1,2588361;1,110275351; 1,4291739
2020-05-08;19;Antofagasta; 1,2013942;1,065320945; 1,3542693
2020-05-09;19;Antofagasta; 1,1484145;1,028335255; 1,2801082
2020-05-10;19;Antofagasta; 1,0695848;0,966817483; 1,1849399
2020-05-11;20;Antofagasta; 1,0918329;0,995197287; 1,1951558
2020-05-12;20;Antofagasta; 1,2095329;1,109779792; 1,3149369
2020-05-13;20;Antofagasta; 1,3073883;1,191537744; 1,4236223
2020-05-14;20;Antofagasta; 1,2926579;1,154941210; 1,4245459
2020-05-15;20;Antofagasta; 1,2421576;1,103096471; 1,3839781
2020-05-16;20;Antofagasta; 1,1965162;1,070585648; 1,3333284
2020-05-17;20;Antofagasta; 1,1715044;1,059924784; 1,2961889
2020-05-18;21;Antofagasta; 1,2256895;1,118224019; 1,3433764
2020-05-19;21;Antofagasta; 1,1884440;1,077825105; 1,3045799
2020-05-20;21;Antofagasta; 1,1961951;1,088992481; 1,3097206
2020-05-21;21;Antofagasta; 1,1618636;1,059907924; 1,2707478
2020-05-22;21;Antofagasta; 1,1680950;1,071291038; 1,2724064
2020-05-23;21;Antofagasta; 1,1703334;1,074846228; 1,2718812
2020-05-24;21;Antofagasta; 1,1547451;1,061259836; 1,2528145
2020-05-25;22;Antofagasta; 1,1566284;1,065596145; 1,2526558
2020-05-26;22;Antofagasta; 1,0690217;0,984204650; 1,1576297
2020-05-27;22;Antofagasta; 1,0123275;0,939951208; 1,0898442
2020-05-28;22;Antofagasta; 1,0600230;0,990888330; 1,1321785
2020-05-29;22;Antofagasta; 1,0670142;0,999167045; 1,1380428
2020-05-30;22;Antofagasta; 1,0670107;0,999464708; 1,1383635
2020-05-31;22;Antofagasta; 1,0586719;0,990428006; 1,1277544
2020-06-01;23;Antofagasta; 1,0365337;0,971379112; 1,1045598
2020-06-02;23;Antofagasta; 1,0330195;0,969102628; 1,1003770
2020-03-21;12;Atacama; 1,9984314;0,242707797; 5,5357455
2020-03-22;12;Atacama; 1,8951126;0,231543660; 5,3395962
2020-03-23;13;Atacama; 1,8372150;0,222211063; 5,1167772
2020-03-24;13;Atacama; 1,8027198;0,217348429; 5,0098013
2020-03-25;13;Atacama; 1,7630830;0,219214690; 4,9276654
2020-03-26;13;Atacama; 1,7411083;0,209713924; 4,8547668
2020-03-27;13;Atacama; 1,7178491;0,206283757; 4,7787206
2020-03-28;13;Atacama; 0,8536926;0,022359591; 3,1925861
2020-03-29;13;Atacama; 1,9354250;0,243147346; 5,4753048
2020-03-30;14;Atacama; 2,0119274;0,242818237; 5,6233126
2020-03-31;14;Atacama; 1,9175042;0,237241087; 5,3580842
2020-04-01;14;Atacama; 2,8000505;0,571475989; 6,7949775
2020-04-02;14;Atacama; 2,4741294;0,505918662; 6,0657145
2020-04-03;14;Atacama; 3,5404317;1,101080849; 7,5153657
2020-04-04;14;Atacama; 2,7848458;0,838572218; 6,1396735
2020-04-05;14;Atacama; 2,2061129;0,680728845; 4,8637096
2020-04-06;15;Atacama; 1,8609382;0,564492923; 4,0173511
2020-04-07;15;Atacama; 1,9761912;0,713995031; 3,9313662
2020-04-08;15;Atacama; 2,3313324;0,975285112; 4,3125658
2020-04-09;15;Atacama; 2,4823573;1,128580685; 4,4732102
2020-04-10;15;Atacama; 2,6506852;1,310760046; 4,5977679
2020-04-11;15;Atacama; 2,1233110;1,023499935; 3,7456634
2020-04-12;15;Atacama; 1,6248476;0,787081959; 2,8668879
2020-04-13;16;Atacama; 1,4416379;0,716537679; 2,4609804
2020-04-14;16;Atacama; 1,3209611;0,670693271; 2,2082406
2020-04-15;16;Atacama; 1,1509063;0,570349986; 1,9439449
2020-04-16;16;Atacama; 1,1230032;0,558187755; 1,8826212
2020-04-17;16;Atacama; 0,9069444;0,419783971; 1,5944278
2020-04-18;16;Atacama; 0,9200849;0,418119067; 1,6314606
2020-04-19;16;Atacama; 0,9550426;0,436551732; 1,6870094
2020-04-20;17;Atacama; 0,9805999;0,442304765; 1,7362445
2020-04-21;17;Atacama; 0,8912072;0,391533939; 1,6220251
2020-04-22;17;Atacama; 0,6933278;0,253477199; 1,3423048
2020-04-23;17;Atacama; 1,1202096;0,510306308; 1,9899514
2020-04-24;17;Atacama; 1,1439673;0,521933658; 2,0118666
2020-04-25;17;Atacama; 1,5168001;0,779438239; 2,5071484
2020-04-26;17;Atacama; 2,0445362;1,183392547; 3,1319718
2020-04-27;18;Atacama; 2,4254506;1,456000022; 3,6601428
2020-04-28;18;Atacama; 2,0047866;1,140011618; 3,1825578
2020-04-29;18;Atacama; 2,2057104;1,353759335; 3,3956794
2020-04-30;18;Atacama; 1,9080034;1,165269395; 2,9323562
2020-05-01;18;Atacama; 1,6227133;1,013733516; 2,4540184
2020-05-02;18;Atacama; 2,1780900;1,494884028; 3,0743270
2020-05-03;18;Atacama; 2,1690171;1,464236301; 3,0571914
2020-05-04;19;Atacama; 1,8987350;1,270054700; 2,7217342
2020-05-05;19;Atacama; 1,8386414;1,274974012; 2,5786321
2020-05-06;19;Atacama; 1,6406558;1,161710672; 2,2690720
2020-05-07;19;Atacama; 1,4961684;1,087768409; 2,0239836
2020-05-08;19;Atacama; 1,3166239;0,976395536; 1,7403812
2020-05-09;19;Atacama; 1,6983137;1,329420238; 2,1416107
2020-05-10;19;Atacama; 1,5658867;1,194925579; 1,9894158
2020-05-11;20;Atacama; 1,4515276;1,113846310; 1,8556955
2020-05-12;20;Atacama; 1,3450777;1,041353797; 1,7073593
2020-05-13;20;Atacama; 1,2285236;0,963940879; 1,5390240
2020-05-14;20;Atacama; 1,1672281;0,929319203; 1,4426390
2020-05-15;20;Atacama; 1,1606070;0,932331708; 1,4140563
2020-05-16;20;Atacama; 0,9794250;0,781917599; 1,2051426
2020-05-17;20;Atacama; 0,9173461;0,728904152; 1,1265557
2020-05-18;21;Atacama; 0,9856603;0,786388110; 1,2089424
2020-05-19;21;Atacama; 0,9138336;0,725080946; 1,1292890
2020-05-20;21;Atacama; 0,9617577;0,763790763; 1,1854500
2020-05-21;21;Atacama; 0,9508762;0,754464604; 1,1706229
2020-05-22;21;Atacama; 1,0315257;0,823553544; 1,2621578
2020-05-23;21;Atacama; 0,7744957;0,600294209; 0,9725157
2020-05-24;21;Atacama; 0,7140105;0,540118362; 0,9158169
2020-05-25;22;Atacama; 0,6805225;0,502167175; 0,8904410
2020-05-26;22;Atacama; 0,7553234;0,555341634; 0,9963628
2020-05-27;22;Atacama; 0,8589792;0,637012195; 1,1235343
2020-05-28;22;Atacama; 0,9554664;0,719802790; 1,2238373
2020-05-29;22;Atacama; 1,0038406;0,769734791; 1,2677923
2020-05-30;22;Atacama; 1,0887743;0,847689968; 1,3607825
2020-05-31;22;Atacama; 1,0800927;0,839344192; 1,3494437
2020-06-01;23;Atacama; 1,1585785;0,908347919; 1,4364307
2020-06-02;23;Atacama; 1,1785997;0,927062753; 1,4595772
2020-03-21;12;Coquimbo; 5,2196071;0,993156641;15,4531145
2020-03-22;12;Coquimbo; 4,7750251;1,386005775;11,7992289
2020-03-23;13;Coquimbo; 3,7349614;1,210354989; 8,5367834
2020-03-24;13;Coquimbo; 4,5136609;1,919286761; 9,0278300
2020-03-25;13;Coquimbo; 3,3594200;1,415144237; 6,7370525
2020-03-26;13;Coquimbo; 2,5783736;1,163904632; 4,9855335
2020-03-27;13;Coquimbo; 2,1396621;1,042348843; 3,8373455
2020-03-28;13;Coquimbo; 1,8839840;0,983886999; 3,2325023
2020-03-29;13;Coquimbo; 1,9264332;1,078700614; 3,0815397
2020-03-30;14;Coquimbo; 2,4535952;1,518960554; 3,6943166
2020-03-31;14;Coquimbo; 2,0901200;1,244629780; 3,2106812
2020-04-01;14;Coquimbo; 1,8572865;1,143683881; 2,8318814
2020-04-02;14;Coquimbo; 1,7056939;1,080839964; 2,5272337
2020-04-03;14;Coquimbo; 1,5004343;0,978348473; 2,1859813
2020-04-04;14;Coquimbo; 1,7316436;1,203525340; 2,3919013
2020-04-05;14;Coquimbo; 1,6965881;1,177929924; 2,3260714
2020-04-06;15;Coquimbo; 1,5037142;1,042177701; 2,0687050
2020-04-07;15;Coquimbo; 1,2436506;0,865542119; 1,7176196
2020-04-08;15;Coquimbo; 1,2572114;0,897005566; 1,6858893
2020-04-09;15;Coquimbo; 1,3061619;0,958899063; 1,7185747
2020-04-10;15;Coquimbo; 1,2157055;0,884798737; 1,6056834
2020-04-11;15;Coquimbo; 1,2103591;0,891664544; 1,5878975
2020-04-12;15;Coquimbo; 1,1429169;0,843239264; 1,4898290
2020-04-13;16;Coquimbo; 0,9062185;0,644602717; 1,2136921
2020-04-14;16;Coquimbo; 0,8880336;0,631385271; 1,1946976
2020-04-15;16;Coquimbo; 0,8625192;0,605380235; 1,1668083
2020-04-16;16;Coquimbo; 0,8393711;0,585732956; 1,1519071
2020-04-17;16;Coquimbo; 0,8425440;0,577969228; 1,1581813
2020-04-18;16;Coquimbo; 0,6442890;0,413222991; 0,9253463
2020-04-19;16;Coquimbo; 0,5223309;0,309665690; 0,7963271
2020-04-20;17;Coquimbo; 0,5791028;0,339679626; 0,8956215
2020-04-21;17;Coquimbo; 0,6060349;0,345650190; 0,9547768
2020-04-22;17;Coquimbo; 0,5547606;0,297411363; 0,9040504
2020-04-23;17;Coquimbo; 0,4097590;0,188877439; 0,7247033
2020-04-24;17;Coquimbo; 0,5616920;0,274349189; 0,9750416
2020-04-25;17;Coquimbo; 0,5256037;0,241878803; 0,9327344
2020-04-26;17;Coquimbo; 0,4722941;0,196933401; 0,8775427
2020-04-27;18;Coquimbo; 0,6056561;0,264289711; 1,1073774
2020-04-28;18;Coquimbo; 0,6769341;0,299301657; 1,2301932
2020-04-29;18;Coquimbo; 0,9056668;0,443631572; 1,5550088
2020-04-30;18;Coquimbo; 0,7803482;0,356881991; 1,3865458
2020-05-01;18;Coquimbo; 0,9176061;0,434371947; 1,5767175
2020-05-02;18;Coquimbo; 1,0595584;0,522398234; 1,7823131
2020-05-03;18;Coquimbo; 2,0470582;1,270936670; 3,0345755
2020-05-04;19;Coquimbo; 2,0181913;1,205369061; 3,0543169
2020-05-05;19;Coquimbo; 2,1939186;1,330608415; 3,3235602
2020-05-06;19;Coquimbo; 1,7840405;1,058418248; 2,7800889
2020-05-07;19;Coquimbo; 1,7067506;1,073572946; 2,5851177
2020-05-08;19;Coquimbo; 1,9507526;1,303270337; 2,8129509
2020-05-09;19;Coquimbo; 2,4082566;1,652882190; 3,3687459
2020-05-10;19;Coquimbo; 2,1927239;1,431003093; 3,1370608
2020-05-11;20;Coquimbo; 1,9185237;1,280375444; 2,7794196
2020-05-12;20;Coquimbo; 1,8212618;1,264747712; 2,5588376
2020-05-13;20;Coquimbo; 1,6399330;1,168528772; 2,2695967
2020-05-14;20;Coquimbo; 1,6761767;1,248187646; 2,2265563
2020-05-15;20;Coquimbo; 1,7234864;1,303227681; 2,2428078
2020-05-16;20;Coquimbo; 1,6130227;1,219261880; 2,0895561
2020-05-17;20;Coquimbo; 1,4016301;1,068371901; 1,8131370
2020-05-18;21;Coquimbo; 1,4668899;1,162230047; 1,8420420
2020-05-19;21;Coquimbo; 1,5843399;1,272612328; 1,9563498
2020-05-20;21;Coquimbo; 1,6803936;1,343503219; 2,0680981
2020-05-21;21;Coquimbo; 1,5197566;1,193436403; 1,8928337
2020-05-22;21;Coquimbo; 1,3896106;1,108301253; 1,7231983
2020-05-23;21;Coquimbo; 1,2462726;1,014549933; 1,5241328
2020-05-24;21;Coquimbo; 1,3418388;1,125536585; 1,5921630
2020-05-25;22;Coquimbo; 1,3321152;1,117830826; 1,5690756
2020-05-26;22;Coquimbo; 1,4892600;1,261915063; 1,7422108
2020-05-27;22;Coquimbo; 1,7606259;1,478419950; 2,0611028
2020-05-28;22;Coquimbo; 1,6453316;1,316974659; 1,9896076
2020-05-29;22;Coquimbo; 1,6477080;1,326530337; 2,0181230
2020-05-30;22;Coquimbo; 1,6904383;1,371346294; 2,0689394
2020-05-31;22;Coquimbo; 1,5908515;1,283819903; 1,9580919
2020-06-01;23;Coquimbo; 1,4966234;1,225975457; 1,8271173
2020-06-02;23;Coquimbo; 1,3356136;1,114407428; 1,6093529
2020-03-21;12;Valparaíso; 8,1859547;3,169254945;18,4013238
2020-03-22;12;Valparaíso; 5,5176841;1,931889401;13,2266270
2020-03-23;13;Valparaíso; 3,7721680;1,572559704; 8,6419594
2020-03-24;13;Valparaíso; 3,2994559;1,640755482; 6,5586247
2020-03-25;13;Valparaíso; 3,0156088;1,620552365; 5,4592599
2020-03-26;13;Valparaíso; 3,0551282;1,758635300; 5,1894146
2020-03-27;13;Valparaíso; 2,5421582;1,484430216; 4,2302049
2020-03-28;13;Valparaíso; 2,8411135;1,805472925; 4,4590605
2020-03-29;13;Valparaíso; 2,4668857;1,549696895; 3,8585704
2020-03-30;14;Valparaíso; 2,5887052;1,716794472; 3,9393154
2020-03-31;14;Valparaíso; 2,1739469;1,427348202; 3,2754710
2020-04-01;14;Valparaíso; 2,0879065;1,456777798; 3,0415420
2020-04-02;14;Valparaíso; 1,9559015;1,406039686; 2,7458131
2020-04-03;14;Valparaíso; 1,8593677;1,369657159; 2,5449834
2020-04-04;14;Valparaíso; 1,6078366;1,209983180; 2,1474636
2020-04-05;14;Valparaíso; 1,4465627;1,131287442; 1,8711015
2020-04-06;15;Valparaíso; 1,3503210;1,088973159; 1,6810490
2020-04-07;15;Valparaíso; 1,3247657;1,097187507; 1,6015914
2020-04-08;15;Valparaíso; 1,2691554;1,063059971; 1,5070973
2020-04-09;15;Valparaíso; 1,1564653;0,973812010; 1,3658455
2020-04-10;15;Valparaíso; 1,1507856;0,979704895; 1,3414800
2020-04-11;15;Valparaíso; 1,0296692;0,876885744; 1,1997148
2020-04-12;15;Valparaíso; 0,9992080;0,854620649; 1,1574845
2020-04-13;16;Valparaíso; 0,9452865;0,804979366; 1,0972008
2020-04-14;16;Valparaíso; 0,9817657;0,835969150; 1,1392776
2020-04-15;16;Valparaíso; 0,9468523;0,802398837; 1,1016610
2020-04-16;16;Valparaíso; 1,0186497;0,868076050; 1,1796303
2020-04-17;16;Valparaíso; 0,9927444;0,847065364; 1,1484928
2020-04-18;16;Valparaíso; 1,0226200;0,876622895; 1,1787284
2020-04-19;16;Valparaíso; 1,1142252;0,961988994; 1,2777249
2020-04-20;17;Valparaíso; 1,0974062;0,944850086; 1,2591683
2020-04-21;17;Valparaíso; 1,0717341;0,921101071; 1,2338906
2020-04-22;17;Valparaíso; 1,0954059;0,944667722; 1,2569776
2020-04-23;17;Valparaíso; 1,0938288;0,946266243; 1,2552332
2020-04-24;17;Valparaíso; 1,0535642;0,909075463; 1,2112814
2020-04-25;17;Valparaíso; 1,0995332;0,952442363; 1,2592993
2020-04-26;17;Valparaíso; 1,0816704;0,936050019; 1,2361988
2020-04-27;18;Valparaíso; 1,0940616;0,948339671; 1,2482385
2020-04-28;18;Valparaíso; 1,0554226;0,914473522; 1,2064094
2020-04-29;18;Valparaíso; 1,1369500;0,992855698; 1,2945713
2020-04-30;18;Valparaíso; 1,1227902;0,976355912; 1,2794729
2020-05-01;18;Valparaíso; 1,0666863;0,925756587; 1,2200465
2020-05-02;18;Valparaíso; 1,2010556;1,055359061; 1,3585457
2020-05-03;18;Valparaíso; 1,1742397;1,023200063; 1,3338434
2020-05-04;19;Valparaíso; 1,1832169;1,032851870; 1,3455495
2020-05-05;19;Valparaíso; 1,2116680;1,060965955; 1,3785046
2020-05-06;19;Valparaíso; 1,2121623;1,058880719; 1,3783410
2020-05-07;19;Valparaíso; 1,3875107;1,220364486; 1,5690754
2020-05-08;19;Valparaíso; 1,4537887;1,252801519; 1,6634107
2020-05-09;19;Valparaíso; 1,4532591;1,231009598; 1,6874426
2020-05-10;19;Valparaíso; 1,4942903;1,263798495; 1,7540666
2020-05-11;20;Valparaíso; 1,4039535;1,178853512; 1,6629322
2020-05-12;20;Valparaíso; 1,4336037;1,221897908; 1,6895493
2020-05-13;20;Valparaíso; 1,4762713;1,261984317; 1,7270418
2020-05-14;20;Valparaíso; 1,4839743;1,261860317; 1,7395519
2020-05-15;20;Valparaíso; 1,5470758;1,315188440; 1,8157939
2020-05-16;20;Valparaíso; 1,4195211;1,195617119; 1,6761613
2020-05-17;20;Valparaíso; 1,4521989;1,249186575; 1,7036323
2020-05-18;21;Valparaíso; 1,4364756;1,232731048; 1,6754227
2020-05-19;21;Valparaíso; 1,4046356;1,211292751; 1,6326341
2020-05-20;21;Valparaíso; 1,4393466;1,252304829; 1,6622519
2020-05-21;21;Valparaíso; 1,3951390;1,210221244; 1,6089607
2020-05-22;21;Valparaíso; 1,3936266;1,218400245; 1,5994109
2020-05-23;21;Valparaíso; 1,3447794;1,177920896; 1,5381078
2020-05-24;21;Valparaíso; 1,3159178;1,165633814; 1,4944045
2020-05-25;22;Valparaíso; 1,2735504;1,137206890; 1,4345877
2020-05-26;22;Valparaíso; 1,2871035;1,160978323; 1,4339103
2020-05-27;22;Valparaíso; 1,2421502;1,121792998; 1,3783274
2020-05-28;22;Valparaíso; 1,2343209;1,123664496; 1,3591836
2020-05-29;22;Valparaíso; 1,1888675;1,087489255; 1,3035588
2020-05-30;22;Valparaíso; 1,2487249;1,153569650; 1,3575986
2020-05-31;22;Valparaíso; 1,2095281;1,109596328; 1,3155379
2020-06-01;23;Valparaíso; 1,2288351;1,132166917; 1,3345610
2020-06-02;23;Valparaíso; 1,2826267;1,181752427; 1,3915356
2020-03-21;12;O’Higgins; 8,0556207;1,801762068;24,4424167
2020-03-22;12;O’Higgins; 4,4021687;1,302373563;11,9070420
2020-03-23;13;O’Higgins; 2,7751419;0,994643033; 6,5030291
2020-03-24;13;O’Higgins; 2,3034432;0,958119745; 4,7073723
2020-03-25;13;O’Higgins; 2,2449581;1,061943735; 4,1205771
2020-03-26;13;O’Higgins; 2,3267647;1,197835660; 3,9778077
2020-03-27;13;O’Higgins; 2,1797186;1,155886339; 3,6768466
2020-03-28;13;O’Higgins; 2,2367182;1,264521921; 3,6151729
2020-03-29;13;O’Higgins; 1,9430490;1,106309551; 3,0897762
2020-03-30;14;O’Higgins; 1,6560616;0,967534083; 2,6248200
2020-03-31;14;O’Higgins; 1,5950136;0,966614707; 2,4350856
2020-04-01;14;O’Higgins; 1,6243997;1,021476529; 2,3992913
2020-04-02;14;O’Higgins; 1,6773885;1,094038743; 2,4076265
2020-04-03;14;O’Higgins; 1,3551618;0,865710103; 1,9825011
2020-04-04;14;O’Higgins; 1,4315624;0,953785947; 2,0317216
2020-04-05;14;O’Higgins; 1,4181914;0,956147614; 1,9804249
2020-04-06;15;O’Higgins; 1,3574007;0,923588588; 1,8860145
2020-04-07;15;O’Higgins; 1,2372198;0,838860936; 1,7152410
2020-04-08;15;O’Higgins; 1,1422994;0,774416522; 1,5840678
2020-04-09;15;O’Higgins; 1,0429672;0,706527282; 1,4494358
2020-04-10;15;O’Higgins; 0,9650216;0,647981769; 1,3521324
2020-04-11;15;O’Higgins; 0,8726620;0,567107115; 1,2423022
2020-04-12;15;O’Higgins; 0,8916085;0,577665137; 1,2692321
2020-04-13;16;O’Higgins; 0,9854621;0,653755066; 1,3926852
2020-04-14;16;O’Higgins; 1,1085575;0,752198062; 1,5371948
2020-04-15;16;O’Higgins; 1,0273109;0,686892802; 1,4291713
2020-04-16;16;O’Higgins; 0,8128348;0,516352547; 1,1775105
2020-04-17;16;O’Higgins; 0,8396804;0,529339088; 1,2201079
2020-04-18;16;O’Higgins; 0,6833864;0,400795123; 1,0389080
2020-04-19;16;O’Higgins; 0,6052009;0,335677839; 0,9587268
2020-04-20;17;O’Higgins; 0,6608575;0,357607381; 1,0690280
2020-04-21;17;O’Higgins; 0,7690100;0,427272054; 1,2223544
2020-04-22;17;O’Higgins; 0,8706605;0,493787152; 1,3543743
2020-04-23;17;O’Higgins; 1,7647040;1,191896174; 2,4528789
2020-04-24;17;O’Higgins; 1,8767738;1,285905303; 2,5689106
2020-04-25;17;O’Higgins; 1,7762411;1,192227899; 2,4985837
2020-04-26;17;O’Higgins; 1,7933444;1,214394717; 2,5408173
2020-04-27;18;O’Higgins; 1,5764842;1,061220121; 2,2399448
2020-04-28;18;O’Higgins; 1,3496041;0,924455215; 1,8901919
2020-04-29;18;O’Higgins; 1,4166950;1,017043286; 1,9182846
2020-04-30;18;O’Higgins; 1,4248136;1,041646783; 1,8848314
2020-05-01;18;O’Higgins; 1,3202368;0,967077042; 1,7500767
2020-05-02;18;O’Higgins; 1,4857440;1,118588405; 1,9145343
2020-05-03;18;O’Higgins; 1,4799741;1,118632469; 1,9065929
2020-05-04;19;O’Higgins; 1,4529262;1,099311251; 1,8681526
2020-05-05;19;O’Higgins; 1,4108859;1,073544428; 1,8115755
2020-05-06;19;O’Higgins; 1,4227449;1,096798117; 1,8075314
2020-05-07;19;O’Higgins; 1,1523412;0,874241695; 1,4825678
2020-05-08;19;O’Higgins; 1,2609087;0,992883935; 1,5653736
2020-05-09;19;O’Higgins; 1,3605977;1,091510880; 1,6696109
2020-05-10;19;O’Higgins; 1,3599744;1,086882370; 1,6691629
2020-05-11;20;O’Higgins; 1,5052512;1,213619838; 1,8335819
2020-05-12;20;O’Higgins; 1,4439748;1,143008955; 1,7822367
2020-05-13;20;O’Higgins; 1,5062214;1,207982522; 1,8512524
2020-05-14;20;O’Higgins; 1,7897447;1,450934886; 2,1783747
2020-05-15;20;O’Higgins; 1,8142573;1,411742683; 2,2617702
2020-05-16;20;O’Higgins; 1,5450051;1,181129648; 1,9730655
2020-05-17;20;O’Higgins; 1,5947924;1,274335980; 2,0065520
2020-05-18;21;O’Higgins; 1,7109202;1,381171520; 2,1213001
2020-05-19;21;O’Higgins; 1,6192071;1,285296671; 2,0173772
2020-05-20;21;O’Higgins; 1,4632525;1,174794264; 1,8164355
2020-05-21;21;O’Higgins; 1,3495596;1,115146540; 1,6479157
2020-05-22;21;O’Higgins; 1,2995703;1,099435136; 1,5469607
2020-05-23;21;O’Higgins; 1,2644921;1,087597137; 1,4778570
2020-05-24;21;O’Higgins; 1,2799199;1,114905583; 1,4732083
2020-05-25;22;O’Higgins; 1,2590963;1,098370837; 1,4403223
2020-05-26;22;O’Higgins; 1,3819175;1,214489311; 1,5711265
2020-05-27;22;O’Higgins; 1,3345902;1,156058164; 1,5236880
2020-05-28;22;O’Higgins; 1,1577828;1,001300683; 1,3330131
2020-05-29;22;O’Higgins; 1,1435918;1,012286297; 1,2939010
2020-05-30;22;O’Higgins; 1,1242500;1,004953427; 1,2578708
2020-05-31;22;O’Higgins; 1,0744513;0,963313894; 1,1943889
2020-06-01;23;O’Higgins; 0,9945911;0,892993974; 1,1020518
2020-06-02;23;O’Higgins; 1,0048128;0,906756849; 1,1088318
2020-03-21;12;Maule; 1,6962719;0,888537677; 2,7822412
2020-03-22;12;Maule; 2,4865729;1,515796011; 3,7530258
2020-03-23;13;Maule; 2,1601122;1,252660527; 3,3784633
2020-03-24;13;Maule; 1,8612409;1,091942479; 2,9358918
2020-03-25;13;Maule; 1,5344152;0,923627347; 2,3967443
2020-03-26;13;Maule; 1,4399386;0,892648315; 2,1517445
2020-03-27;13;Maule; 1,3231697;0,837428509; 1,9378948
2020-03-28;13;Maule; 1,4419312;0,948638447; 2,0510895
2020-03-29;13;Maule; 1,5788832;1,078195042; 2,1901829
2020-03-30;14;Maule; 1,9520907;1,381936529; 2,6297310
2020-03-31;14;Maule; 2,0035089;1,393312177; 2,7475762
2020-04-01;14;Maule; 1,9298411;1,335010377; 2,6890857
2020-04-02;14;Maule; 1,8706048;1,310817026; 2,6117328
2020-04-03;14;Maule; 1,7802909;1,269922840; 2,4632836
2020-04-04;14;Maule; 1,6953509;1,228310112; 2,3033890
2020-04-05;14;Maule; 1,4256696;1,047212258; 1,9245936
2020-04-06;15;Maule; 1,3319727;1,007252739; 1,7410722
2020-04-07;15;Maule; 1,2315579;0,947274450; 1,5779955
2020-04-08;15;Maule; 1,3165242;1,040505402; 1,6410200
2020-04-09;15;Maule; 1,3557078;1,081753522; 1,6718448
2020-04-10;15;Maule; 1,3011453;1,037274337; 1,6036773
2020-04-11;15;Maule; 1,2017644;0,955204922; 1,4849011
2020-04-12;15;Maule; 1,1405660;0,912640997; 1,3992383
2020-04-13;16;Maule; 1,0039972;0,798685499; 1,2356336
2020-04-14;16;Maule; 0,9154702;0,722908322; 1,1278036
2020-04-15;16;Maule; 0,9385190;0,746412689; 1,1570320
2020-04-16;16;Maule; 0,9973442;0,794114884; 1,2264005
2020-04-17;16;Maule; 1,5753281;1,317158271; 1,8576400
2020-04-18;16;Maule; 1,9602006;1,619757840; 2,2974866
2020-04-19;16;Maule; 1,8959712;1,449661240; 2,3520105
2020-04-20;17;Maule; 1,6101917;1,214912149; 2,0884725
2020-04-21;17;Maule; 1,5152395;1,195744077; 1,9521103
2020-04-22;17;Maule; 1,3813529;1,112479006; 1,7344028
2020-04-23;17;Maule; 1,2500678;1,031238671; 1,5299320
2020-04-24;17;Maule; 1,2562154;1,062553010; 1,4937787
2020-04-25;17;Maule; 1,1843605;1,006865026; 1,3921716
2020-04-26;17;Maule; 1,1372407;0,975954998; 1,3208700
2020-04-27;18;Maule; 1,1345554;0,979739876; 1,3056010
2020-04-28;18;Maule; 1,2035596;1,050772883; 1,3699317
2020-04-29;18;Maule; 1,1523864;1,002669994; 1,3156916
2020-04-30;18;Maule; 1,0517682;0,910706223; 1,2041754
2020-05-01;18;Maule; 0,7843599;0,668219512; 0,9104716
2020-05-02;18;Maule; 0,5660283;0,466216814; 0,6768669
2020-05-03;18;Maule; 0,4859129;0,380608566; 0,6183352
2020-05-04;19;Maule; 0,5405931;0,407305671; 0,7164565
2020-05-05;19;Maule; 0,5828301;0,428882904; 0,7737010
2020-05-06;19;Maule; 0,5571896;0,406691375; 0,7410222
2020-05-07;19;Maule; 0,6221257;0,453492964; 0,8259748
2020-05-08;19;Maule; 0,6395400;0,466914726; 0,8412374
2020-05-09;19;Maule; 0,7480184;0,557512883; 0,9715068
2020-05-10;19;Maule; 0,8464087;0,647320835; 1,0682091
2020-05-11;20;Maule; 0,9234232;0,726676329; 1,1444964
2020-05-12;20;Maule; 0,8547414;0,670959463; 1,0606239
2020-05-13;20;Maule; 0,9967330;0,799608244; 1,2176653
2020-05-14;20;Maule; 1,3638026;1,129884545; 1,6206856
2020-05-15;20;Maule; 1,5132238;1,244506673; 1,8084445
2020-05-16;20;Maule; 1,4844856;1,186139157; 1,8180984
2020-05-17;20;Maule; 1,5475916;1,239348285; 1,9166241
2020-05-18;21;Maule; 1,6261472;1,306305303; 2,0157914
2020-05-19;21;Maule; 1,6723712;1,331553814; 2,0901802
2020-05-20;21;Maule; 1,7484328;1,393969333; 2,2029474
2020-05-21;21;Maule; 1,7977714;1,421630961; 2,2763967
2020-05-22;21;Maule; 1,7703959;1,385021489; 2,2591241
2020-05-23;21;Maule; 1,6973572;1,340663827; 2,1693907
2020-05-24;21;Maule; 1,7264461;1,387120045; 2,1837692
2020-05-25;22;Maule; 1,6848975;1,354267854; 2,1150334
2020-05-26;22;Maule; 1,6342989;1,326740268; 2,0440595
2020-05-27;22;Maule; 1,5464902;1,270421749; 1,9128770
2020-05-28;22;Maule; 1,4433293;1,205747393; 1,7613070
2020-05-29;22;Maule; 1,4075820;1,202469861; 1,6803254
2020-05-30;22;Maule; 1,4337533;1,241495925; 1,6786966
2020-05-31;22;Maule; 1,3604699;1,178177627; 1,5853077
2020-06-01;23;Maule; 1,2924481;1,131674689; 1,4935832
2020-06-02;23;Maule; 1,2207897;1,084499229; 1,3922604
2020-03-21;12;Biobío; 4,3709464;2,161477034; 7,8892007
2020-03-22;12;Biobío; 3,4079203;1,689349977; 6,1568046
2020-03-23;13;Biobío; 3,0653667;1,685213577; 5,2999397
2020-03-24;13;Biobío; 3,5936395;2,148958885; 5,8420097
2020-03-25;13;Biobío; 3,3644806;1,936672846; 5,4472425
2020-03-26;13;Biobío; 2,7735584;1,638639871; 4,4947576
2020-03-27;13;Biobío; 2,5526486;1,627715598; 3,9661853
2020-03-28;13;Biobío; 2,2358744;1,478193926; 3,3304871
2020-03-29;13;Biobío; 2,2234783;1,559325567; 3,1697382
2020-03-30;14;Biobío; 1,9732658;1,394979062; 2,7421586
2020-03-31;14;Biobío; 1,7814455;1,315009218; 2,4065077
2020-04-01;14;Biobío; 1,6942762;1,304556582; 2,2119356
2020-04-02;14;Biobío; 1,6703270;1,315564760; 2,1182179
2020-04-03;14;Biobío; 1,6054907;1,278878427; 1,9992593
2020-04-04;14;Biobío; 1,6097445;1,300129423; 1,9788764
2020-04-05;14;Biobío; 1,5038562;1,222862201; 1,8326758
2020-04-06;15;Biobío; 1,3928028;1,152224927; 1,6785122
2020-04-07;15;Biobío; 1,2874747;1,086627647; 1,5230954
2020-04-08;15;Biobío; 1,2356691;1,065331099; 1,4350679
2020-04-09;15;Biobío; 1,2003076;1,048162255; 1,3725894
2020-04-10;15;Biobío; 1,1118878;0,978697607; 1,2632449
2020-04-11;15;Biobío; 1,0808034;0,959034507; 1,2127982
2020-04-12;15;Biobío; 0,9860149;0,874294004; 1,1038590
2020-04-13;16;Biobío; 0,9698519;0,862733585; 1,0831116
2020-04-14;16;Biobío; 0,9770555;0,869172915; 1,0915107
2020-04-15;16;Biobío; 0,9505462;0,845278082; 1,0624810
2020-04-16;16;Biobío; 0,9012353;0,795779709; 1,0129741
2020-04-17;16;Biobío; 0,8914340;0,784586518; 1,0068247
2020-04-18;16;Biobío; 0,8545354;0,745434015; 0,9703003
2020-04-19;16;Biobío; 0,8520614;0,741283629; 0,9720704
2020-04-20;17;Biobío; 0,8505870;0,736739888; 0,9753792
2020-04-21;17;Biobío; 0,8158712;0,703290812; 0,9387953
2020-04-22;17;Biobío; 0,8205799;0,703165546; 0,9517617
2020-04-23;17;Biobío; 0,8365057;0,716249904; 0,9699225
2020-04-24;17;Biobío; 0,8428657;0,720932109; 0,9758379
2020-04-25;17;Biobío; 0,8599758;0,736664743; 0,9941136
2020-04-26;17;Biobío; 0,8744136;0,748198100; 1,0093028
2020-04-27;18;Biobío; 0,8590364;0,735432109; 0,9915559
2020-04-28;18;Biobío; 0,8263207;0,702650979; 0,9600124
2020-04-29;18;Biobío; 0,8367400;0,710780934; 0,9737299
2020-04-30;18;Biobío; 0,8226158;0,696020534; 0,9624114
2020-05-01;18;Biobío; 0,7678434;0,643425536; 0,9052898
2020-05-02;18;Biobío; 0,7724737;0,641379636; 0,9228073
2020-05-03;18;Biobío; 0,7995832;0,660046298; 0,9578293
2020-05-04;19;Biobío; 0,7958694;0,655118140; 0,9542449
2020-05-05;19;Biobío; 0,8426462;0,695331726; 1,0061182
2020-05-06;19;Biobío; 0,8303518;0,686509613; 0,9913530
2020-05-07;19;Biobío; 0,9134083;0,758046319; 1,0814448
2020-05-08;19;Biobío; 1,0695758;0,904512527; 1,2510317
2020-05-09;19;Biobío; 1,2486475;1,070763812; 1,4393203
2020-05-10;19;Biobío; 1,2723622;1,083425817; 1,4735877
2020-05-11;20;Biobío; 1,4008362;1,187847141; 1,6303690
2020-05-12;20;Biobío; 1,3555962;1,125780680; 1,6023024
2020-05-13;20;Biobío; 1,3933626;1,167126325; 1,6447681
2020-05-14;20;Biobío; 1,3611986;1,137802094; 1,6141860
2020-05-15;20;Biobío; 1,4548733;1,227506541; 1,7092807
2020-05-16;20;Biobío; 1,4177729;1,186530650; 1,6717603
2020-05-17;20;Biobío; 1,3799696;1,158663649; 1,6283549
2020-05-18;21;Biobío; 1,4412829;1,226447796; 1,6844399
2020-05-19;21;Biobío; 1,3909594;1,176127812; 1,6293686
2020-05-20;21;Biobío; 1,4103602;1,203997590; 1,6400402
2020-05-21;21;Biobío; 1,3506986;1,153290027; 1,5683689
2020-05-22;21;Biobío; 1,3176904;1,135866499; 1,5222134
2020-05-23;21;Biobío; 1,2461172;1,084571166; 1,4296784
2020-05-24;21;Biobío; 1,2921672;1,141502470; 1,4606596
2020-05-25;22;Biobío; 1,2511638;1,106327525; 1,4100599
2020-05-26;22;Biobío; 1,2668236;1,126304081; 1,4186170
2020-05-27;22;Biobío; 1,2695993;1,129133869; 1,4198733
2020-05-28;22;Biobío; 1,3948456;1,244677306; 1,5555235
2020-05-29;22;Biobío; 1,4210042;1,243625538; 1,5983467
2020-05-30;22;Biobío; 1,4470160;1,253859375; 1,6463664
2020-05-31;22;Biobío; 1,4445528;1,244015089; 1,6542711
2020-06-01;23;Biobío; 1,4027693;1,207602233; 1,6163564
2020-06-02;23;Biobío; 1,2773768;1,105916949; 1,4661226
2020-03-21;12;Araucanía; 5,3689489;2,129985084;12,1703100
2020-03-22;12;Araucanía; 5,8176978;2,600747294;11,9763769
2020-03-23;13;Araucanía; 5,1428613;2,329656756;10,3312570
2020-03-24;13;Araucanía; 4,6317340;2,261224144; 9,0090375
2020-03-25;13;Araucanía; 3,7083149;1,908274183; 6,9737071
2020-03-26;13;Araucanía; 3,7760018;2,145788104; 6,6361127
2020-03-27;13;Araucanía; 3,3776774;1,940532459; 5,7471460
2020-03-28;13;Araucanía; 2,9756366;1,789993544; 4,9390736
2020-03-29;13;Araucanía; 2,5544895;1,616493808; 4,0701334
2020-03-30;14;Araucanía; 2,3735962;1,601630171; 3,5992306
2020-03-31;14;Araucanía; 2,3187872;1,621735118; 3,3622309
2020-04-01;14;Araucanía; 2,1118285;1,501574742; 2,9781536
2020-04-02;14;Araucanía; 1,9642388;1,445581542; 2,6926380
2020-04-03;14;Araucanía; 1,8355427;1,395274220; 2,4499308
2020-04-04;14;Araucanía; 1,7251436;1,345009003; 2,2405283
2020-04-05;14;Araucanía; 1,5761154;1,259209215; 2,0031556
2020-04-06;15;Araucanía; 1,5249045;1,255753406; 1,8826589
2020-04-07;15;Araucanía; 1,4629828;1,226402347; 1,7682861
2020-04-08;15;Araucanía; 1,4396017;1,227279040; 1,7100105
2020-04-09;15;Araucanía; 1,2872954;1,101786864; 1,5110381
2020-04-10;15;Araucanía; 1,1888507;1,042767882; 1,3716539
2020-04-11;15;Araucanía; 1,1242616;1,007588555; 1,2695694
2020-04-12;15;Araucanía; 1,1062143;0,999917216; 1,2277954
2020-04-13;16;Araucanía; 1,0394868;0,944280315; 1,1441229
2020-04-14;16;Araucanía; 0,9621159;0,876041933; 1,0535360
2020-04-15;16;Araucanía; 0,9062942;0,823446557; 0,9944139
2020-04-16;16;Araucanía; 0,9386463;0,850154148; 1,0345023
2020-04-17;16;Araucanía; 0,9168470;0,829097525; 1,0112205
2020-04-18;16;Araucanía; 0,9153750;0,827074173; 1,0100679
2020-04-19;16;Araucanía; 0,9234945;0,834124538; 1,0198067
2020-04-20;17;Araucanía; 0,9797374;0,886362700; 1,0770108
2020-04-21;17;Araucanía; 0,9818744;0,892206788; 1,0761093
2020-04-22;17;Araucanía; 0,9119251;0,827302357; 1,0015605
2020-04-23;17;Araucanía; 0,9436029;0,855206637; 1,0363580
2020-04-24;17;Araucanía; 0,9973143;0,906168815; 1,0924859
2020-04-25;17;Araucanía; 0,9847593;0,896076843; 1,0774310
2020-04-26;17;Araucanía; 0,9390339;0,854037695; 1,0287226
2020-04-27;18;Araucanía; 0,9482995;0,859939722; 1,0397270
2020-04-28;18;Araucanía; 0,9462118;0,858269342; 1,0389129
2020-04-29;18;Araucanía; 0,9829255;0,892394355; 1,0779412
2020-04-30;18;Araucanía; 0,9097199;0,823009539; 1,0006894
2020-05-01;18;Araucanía; 0,8710859;0,784506777; 0,9633012
2020-05-02;18;Araucanía; 0,8511089;0,761218966; 0,9468396
2020-05-03;18;Araucanía; 0,8426862;0,749888556; 0,9451517
2020-05-04;19;Araucanía; 0,6994889;0,613973124; 0,7925550
2020-05-05;19;Araucanía; 0,6709574;0,576245218; 0,7838759
2020-05-06;19;Araucanía; 0,6886811;0,581610185; 0,8182777
2020-05-07;19;Araucanía; 0,7187991;0,598812212; 0,8562122
2020-05-08;19;Araucanía; 0,6901198;0,572489065; 0,8201153
2020-05-09;19;Araucanía; 0,7226409;0,597472651; 0,8634147
2020-05-10;19;Araucanía; 0,8520747;0,713220112; 1,0067042
2020-05-11;20;Araucanía; 0,8574562;0,725014834; 0,9957488
2020-05-12;20;Araucanía; 0,8893593;0,762135585; 1,0226227
2020-05-13;20;Araucanía; 0,8789041;0,757971022; 1,0097104
2020-05-14;20;Araucanía; 0,9872364;0,858155624; 1,1250084
2020-05-15;20;Araucanía; 1,1049005;0,972413844; 1,2472138
2020-05-16;20;Araucanía; 1,1092500;0,975061690; 1,2529808
2020-05-17;20;Araucanía; 1,1080813;0,974226995; 1,2528503
2020-05-18;21;Araucanía; 1,2031072;1,064350150; 1,3535760
2020-05-19;21;Araucanía; 1,1880875;1,039074853; 1,3467649
2020-05-20;21;Araucanía; 1,1607083;1,013111203; 1,3202807
2020-05-21;21;Araucanía; 1,1668395;1,024410099; 1,3235193
2020-05-22;21;Araucanía; 1,1441249;1,008972259; 1,2907001
2020-05-23;21;Araucanía; 1,1836819;1,049912241; 1,3288882
2020-05-24;21;Araucanía; 1,1391813;1,006601063; 1,2837259
2020-05-25;22;Araucanía; 1,2212317;1,088278936; 1,3647780
2020-05-26;22;Araucanía; 1,2074436;1,070376193; 1,3544633
2020-05-27;22;Araucanía; 1,2174400;1,079126704; 1,3649810
2020-05-28;22;Araucanía; 1,1607791;1,027440569; 1,3057098
2020-05-29;22;Araucanía; 1,1410080;1,015862474; 1,2766472
2020-05-30;22;Araucanía; 1,2331349;1,110205074; 1,3683329
2020-05-31;22;Araucanía; 1,1661554;1,040870927; 1,2995987
2020-06-01;23;Araucanía; 1,1424525;1,022334424; 1,2725270
2020-06-02;23;Araucanía; 1,1169165;1,002989593; 1,2396219
2020-03-21;12;Los Lagos; 3,9962003;1,492404229;10,0249384
2020-03-22;12;Los Lagos; 2,9211270;1,376433766; 6,0186917
2020-03-23;13;Los Lagos; 3,0784058;1,713395710; 5,4575472
2020-03-24;13;Los Lagos; 2,5276810;1,420690087; 4,2393698
2020-03-25;13;Los Lagos; 2,4030344;1,458069206; 3,8319898
2020-03-26;13;Los Lagos; 2,6274027;1,686238752; 3,9897790
2020-03-27;13;Los Lagos; 2,1835278;1,386790538; 3,3043878
2020-03-28;13;Los Lagos; 2,6228801;1,793059879; 3,7986988
2020-03-29;13;Los Lagos; 2,3436953;1,541332509; 3,4209480
2020-03-30;14;Los Lagos; 2,3095607;1,574519397; 3,3295355
2020-03-31;14;Los Lagos; 2,2177624;1,540914758; 3,1648070
2020-04-01;14;Los Lagos; 2,0956743;1,488004562; 2,9420725
2020-04-02;14;Los Lagos; 1,8847093;1,365386142; 2,5999341
2020-04-03;14;Los Lagos; 1,8546874;1,392160214; 2,4804223
2020-04-04;14;Los Lagos; 1,7685790;1,348270536; 2,3139793
2020-04-05;14;Los Lagos; 1,6335074;1,268180311; 2,1010638
2020-04-06;15;Los Lagos; 1,4495677;1,152977660; 1,8220363
2020-04-07;15;Los Lagos; 1,3715497;1,125906927; 1,6850020
2020-04-08;15;Los Lagos; 1,3604168;1,143186565; 1,6281578
2020-04-09;15;Los Lagos; 1,2658382;1,070618489; 1,4944817
2020-04-10;15;Los Lagos; 1,2213288;1,048633556; 1,4198369
2020-04-11;15;Los Lagos; 1,1061226;0,956057909; 1,2755004
2020-04-12;15;Los Lagos; 1,0626856;0,928254495; 1,2114950
2020-04-13;16;Los Lagos; 0,9842190;0,860884669; 1,1165737
2020-04-14;16;Los Lagos; 0,9109437;0,795136623; 1,0326836
2020-04-15;16;Los Lagos; 0,8242445;0,714096534; 0,9452190
2020-04-16;16;Los Lagos; 0,7963836;0,680011401; 0,9259830
2020-04-17;16;Los Lagos; 0,7539240;0,634475466; 0,8892618
2020-04-18;16;Los Lagos; 0,6969707;0,576470086; 0,8335779
2020-04-19;16;Los Lagos; 0,6858666;0,557605005; 0,8373864
2020-04-20;17;Los Lagos; 0,6975988;0,560928186; 0,8590491
2020-04-21;17;Los Lagos; 0,7185135;0,573552956; 0,8873520
2020-04-22;17;Los Lagos; 0,6905981;0,548844051; 0,8549038
2020-04-23;17;Los Lagos; 0,7012693;0,555193613; 0,8704834
2020-04-24;17;Los Lagos; 0,7307156;0,578935105; 0,9074471
2020-04-25;17;Los Lagos; 0,7072421;0,556444843; 0,8802795
2020-04-26;17;Los Lagos; 0,7534896;0,594121570; 0,9370190
2020-04-27;18;Los Lagos; 0,7652553;0,604275908; 0,9492729
2020-04-28;18;Los Lagos; 0,7663847;0,603136818; 0,9517043
2020-04-29;18;Los Lagos; 0,7978671;0,629939725; 0,9903854
2020-04-30;18;Los Lagos; 0,8095393;0,636748119; 1,0016612
2020-05-01;18;Los Lagos; 0,8547194;0,678559133; 1,0521167
2020-05-02;18;Los Lagos; 0,9644326;0,772653746; 1,1752111
2020-05-03;18;Los Lagos; 0,9695979;0,778593314; 1,1798344
2020-05-04;19;Los Lagos; 1,0205654;0,827791770; 1,2323166
2020-05-05;19;Los Lagos; 0,9512188;0,764793181; 1,1531397
2020-05-06;19;Los Lagos; 0,9894624;0,801160518; 1,1979480
2020-05-07;19;Los Lagos; 0,9451452;0,758344686; 1,1493201
2020-05-08;19;Los Lagos; 0,9225138;0,741904903; 1,1241058
2020-05-09;19;Los Lagos; 1,0009437;0,808674008; 1,2138524
2020-05-10;19;Los Lagos; 1,0924247;0,889797732; 1,3115566
2020-05-11;20;Los Lagos; 1,2159863;1,004124488; 1,4505132
2020-05-12;20;Los Lagos; 1,2008789;0,984498650; 1,4399446
2020-05-13;20;Los Lagos; 1,4507415;1,205027741; 1,7154569
2020-05-14;20;Los Lagos; 1,3517298;1,094162441; 1,6281714
2020-05-15;20;Los Lagos; 1,2103324;0,981520851; 1,4726992
2020-05-16;20;Los Lagos; 1,0809144;0,883054565; 1,3064051
2020-05-17;20;Los Lagos; 1,0464526;0,864338130; 1,2460432
2020-05-18;21;Los Lagos; 1,0187758;0,845662890; 1,2067648
2020-05-19;21;Los Lagos; 1,0353206;0,864579095; 1,2194348
2020-05-20;21;Los Lagos; 0,9831795;0,818414860; 1,1625675
2020-05-21;21;Los Lagos; 1,1618084;0,983012889; 1,3539268
2020-05-22;21;Los Lagos; 1,3007591;1,109817706; 1,5084655
2020-05-23;21;Los Lagos; 1,2351272;1,038096196; 1,4464089
2020-05-24;21;Los Lagos; 1,1309291;0,946542980; 1,3332679
2020-05-25;22;Los Lagos; 1,1655517;0,989935992; 1,3620781
2020-05-26;22;Los Lagos; 1,2364723;1,053510690; 1,4341093
2020-05-27;22;Los Lagos; 1,0360550;0,871619296; 1,2161693
2020-05-28;22;Los Lagos; 1,1281787;0,966289149; 1,3064686
2020-05-29;22;Los Lagos; 1,1071828;0,946042839; 1,2788387
2020-05-30;22;Los Lagos; 1,2912198;1,118642166; 1,4770638
2020-05-31;22;Los Lagos; 1,2375598;1,060893919; 1,4262921
2020-06-01;23;Los Lagos; 1,1534257;0,983178950; 1,3381064
2020-06-02;23;Los Lagos; 1,2577595;1,086322644; 1,4450268
2020-03-21;12;Aysén; 2,0082663;0,241275479; 5,6364502
2020-03-22;12;Aysén; 1,9185527;0,229145848; 5,3480363
2020-03-23;13;Aysén; 1,8470381;0,227392006; 5,1390557
2020-03-24;13;Aysén; 1,8083861;0,227722590; 5,0788811
2020-03-25;13;Aysén; 1,7662930;0,216261587; 4,9610519
2020-03-26;13;Aysén; 2,6168670;0,553993010; 6,2725354
2020-03-27;13;Aysén; 2,3369128;0,476653135; 5,7046558
2020-03-28;13;Aysén; 1,3644586;0,169315845; 3,8658144
2020-03-29;13;Aysén; 1,3433227;0,160291503; 3,7416297
2020-03-30;14;Aysén; 1,3889044;0,162704461; 3,8451122
2020-03-31;14;Aysén; 1,4230613;0,167228534; 3,9738865
2020-04-01;14;Aysén; 2,1974988;0,455832502; 5,3002559
2020-04-02;14;Aysén; 3,4370795;1,111089682; 7,1266114
2020-04-03;14;Aysén; 3,3179066;1,156064509; 6,7759874
2020-04-04;14;Aysén; 2,5499390;0,836199620; 5,4563110
2020-04-05;14;Aysén; 2,3957642;0,881936762; 4,8584386
2020-04-06;15;Aysén; 1,9879891;0,749334538; 3,9715033
2020-04-07;15;Aysén; 1,7100343;0,667096556; 3,3450717
2020-04-08;15;Aysén; 1,5363707;0,609419310; 2,9328588
2020-04-09;15;Aysén; 1,2181386;0,441664565; 2,4123117
2020-04-10;15;Aysén; 1,1680376;0,424532120; 2,3015807
2020-04-11;15;Aysén; 1,1626780;0,423487361; 2,2562045
2020-04-12;15;Aysén; 1,1499295;0,422727040; 2,2229565
2020-04-13;16;Aysén; 1,1550433;0,423904476; 2,2516237
2020-04-14;16;Aysén; 1,1516931;0,430762012; 2,2260550
2020-04-15;16;Aysén; 0,9587353;0,313265852; 1,9670594
2020-04-16;16;Aysén; 0,5948074;0,121329832; 1,4298506
2020-04-17;16;Aysén; 0,4331401;0,052668842; 1,2384023
2020-04-18;16;Aysén; 0,5123578;0,057688728; 1,4780651
2020-04-19;16;Aysén; 0,2995037;0,008031621; 1,1311869
2020-04-20;17;Aysén; 0,3733004;0,009399940; 1,4464254
2020-04-21;17;Aysén; 0,4732884;0,011102775; 1,8443198
2020-04-22;17;Aysén; 0,5886294;0,013706857; 2,3428887
2020-04-23;17;Aysén; 0,7352863;0,016528748; 2,8853952
2020-04-24;17;Aysén; 0,9094863;0,023751664; 3,4898249
2020-04-25;17;Aysén; 1,1170298;0,027618073; 4,2972025
2020-04-26;17;Aysén; 1,3836578;0,033434990; 5,3253010
2020-04-27;18;Aysén; 1,6477993;0,042130828; 6,2777200
2020-04-28;18;Aysén; 1,9373725;0,050304222; 7,5081301
2020-04-29;18;Aysén; 2,3099957;0,053657977; 8,9164885
2020-04-30;18;Aysén; 2,6099871;0,062924213; 9,8847891
2020-05-01;18;Aysén; 2,9485415;0,072640187;11,0918358
2020-05-02;18;Aysén; 3,2467216;0,085581083;12,2953569
2020-05-03;18;Aysén; 3,5308897;0,080259055;13,1789609
2020-05-04;19;Aysén; 3,8169364;0,094569880;14,0867727
2020-05-05;19;Aysén; 4,0021989;0,107742458;14,8545302
2020-05-06;19;Aysén; 4,2049382;0,102178633;15,6446764
2020-05-07;19;Aysén; 8,6442104;1,013955872;24,3379469
2020-05-08;19;Aysén; 6,1861083;0,656928218;19,1594182
2020-05-09;19;Aysén; 4,2176389;0,455396595;13,2170222
2020-05-10;19;Aysén; 3,1814784;0,369103182; 9,6272289
2020-05-11;20;Aysén; 2,6449566;0,313478308; 7,7023907
2020-05-12;20;Aysén; 2,3217660;0,274808905; 6,6133777
2020-05-13;20;Aysén; 2,1239592;0,248143236; 5,9110525
2020-05-14;20;Aysén; 1,9784568;0,237439291; 5,5548111
2020-05-15;20;Aysén; 1,9151674;0,226347077; 5,4360934
2020-05-16;20;Aysén; 1,8444218;0,229081148; 5,1768217
2020-05-17;20;Aysén; 1,7964368;0,215912586; 5,0301748
2020-05-18;21;Aysén; 1,7588227;0,210156674; 4,9017433
2020-05-19;21;Aysén; 1,7419812;0,206668283; 4,8124688
2020-05-20;21;Aysén; 1,7211387;0,211863271; 4,7941874
2020-05-21;21;Aysén; 0,8483392;0,023347603; 3,1225205
2020-05-22;21;Aysén; 0,9757473;0,024701892; 3,6433722
2020-05-23;21;Aysén; 1,1697973;0,028287708; 4,4850612
2020-05-24;21;Aysén; 1,3969313;0,033985264; 5,3728511
2020-05-25;22;Aysén; 5,0353325;0,969300323;13,0470644
2020-05-26;22;Aysén; 6,5218446;1,987884297;13,8652631
2020-05-27;22;Aysén; 4,2013134;1,081448542;10,1472195
2020-05-28;22;Aysén; 4,0297957;1,330205482; 9,1180568
2020-05-29;22;Aysén; 3,6832441;1,392495963; 7,7867214
2020-05-30;22;Aysén; 2,6559621;1,018118947; 5,5830355
2020-05-31;22;Aysén; 2,2751995;0,972912948; 4,4052216
2020-06-01;23;Aysén; 1,8741676;0,829196969; 3,4962693
2020-06-02;23;Aysén; 1,7834351;0,848599548; 3,1295576
2020-03-21;12;Magallanes; 3,1220691;0,779864515; 7,4398214
2020-03-22;12;Magallanes; 3,1309237;0,960000448; 6,8683753
2020-03-23;13;Magallanes; 3,4321679;1,271009861; 6,9464693
2020-03-24;13;Magallanes; 3,3729151;1,350891883; 6,6806638
2020-03-25;13;Magallanes; 3,9154590;1,802125815; 7,2735615
2020-03-26;13;Magallanes; 4,0194458;1,917569800; 7,3076411
2020-03-27;13;Magallanes; 3,2114286;1,529336152; 5,9377734
2020-03-28;13;Magallanes; 2,7384370;1,435643702; 4,9043399
2020-03-29;13;Magallanes; 3,1082457;1,807694223; 5,1291552
2020-03-30;14;Magallanes; 2,3535561;1,329401033; 3,8593238
2020-03-31;14;Magallanes; 2,8818500;1,833218567; 4,4333651
2020-04-01;14;Magallanes; 3,5518568;2,235143776; 5,3445982
2020-04-02;14;Magallanes; 2,9853484;1,746732170; 4,7151212
2020-04-03;14;Magallanes; 3,0349167;1,886520565; 4,8157309
2020-04-04;14;Magallanes; 2,5026833;1,565881026; 3,9229199
2020-04-05;14;Magallanes; 2,1439035;1,432644484; 3,2578760
2020-04-06;15;Magallanes; 2,0257176;1,442981051; 2,8919952
2020-04-07;15;Magallanes; 1,8325784;1,345350922; 2,5082282
2020-04-08;15;Magallanes; 1,7150737;1,309152804; 2,2731481
2020-04-09;15;Magallanes; 1,5868587;1,242371367; 2,0327669
2020-04-10;15;Magallanes; 1,6408091;1,326980862; 2,0420229
2020-04-11;15;Magallanes; 1,6688476;1,351883557; 2,0475329
2020-04-12;15;Magallanes; 1,5116476;1,219263734; 1,8567933
2020-04-13;16;Magallanes; 1,4404604;1,187923127; 1,7453408
2020-04-14;16;Magallanes; 1,2867739;1,079532844; 1,5361926
2020-04-15;16;Magallanes; 1,1387663;0,978860955; 1,3320560
2020-04-16;16;Magallanes; 1,1214713;0,988579843; 1,2778436
2020-04-17;16;Magallanes; 1,0670223;0,948105585; 1,2017799
2020-04-18;16;Magallanes; 1,0630726;0,948675253; 1,1873072
2020-04-19;16;Magallanes; 1,0877147;0,974269807; 1,2058362
2020-04-20;17;Magallanes; 1,0175002;0,910376891; 1,1309567
2020-04-21;17;Magallanes; 1,0332220;0,924571083; 1,1477850
2020-04-22;17;Magallanes; 0,9863110;0,882795600; 1,0959016
2020-04-23;17;Magallanes; 0,9569427;0,855081092; 1,0644209
2020-04-24;17;Magallanes; 0,8584081;0,762906788; 0,9603023
2020-04-25;17;Magallanes; 0,8329744;0,732623095; 0,9423279
2020-04-26;17;Magallanes; 0,8416297;0,733791649; 0,9611847
2020-04-27;18;Magallanes; 0,8190459;0,711274365; 0,9406935
2020-04-28;18;Magallanes; 0,8749828;0,757662689; 1,0057825
2020-04-29;18;Magallanes; 0,9221188;0,802344834; 1,0519119
2020-04-30;18;Magallanes; 0,8993846;0,783186825; 1,0237116
2020-05-01;18;Magallanes; 0,8012256;0,695981886; 0,9138990
2020-05-02;18;Magallanes; 0,8482786;0,733387169; 0,9762529
2020-05-03;18;Magallanes; 0,8560994;0,737673713; 0,9841992
2020-05-04;19;Magallanes; 0,9021540;0,778300479; 1,0359822
2020-05-05;19;Magallanes; 0,8717140;0,752136691; 1,0001274
2020-05-06;19;Magallanes; 0,8816660;0,763123997; 1,0106268
2020-05-07;19;Magallanes; 0,9387826;0,812772065; 1,0754194
2020-05-08;19;Magallanes; 1,0500254;0,919718892; 1,1899082
2020-05-09;19;Magallanes; 0,9759582;0,853386430; 1,1066270
2020-05-10;19;Magallanes; 0,9732996;0,850203834; 1,1041126
2020-05-11;20;Magallanes; 1,0017318;0,876196875; 1,1345055
2020-05-12;20;Magallanes; 0,9469049;0,825169929; 1,0752970
2020-05-13;20;Magallanes; 0,9103658;0,791998579; 1,0381544
2020-05-14;20;Magallanes; 0,9390170;0,815204403; 1,0722269
2020-05-15;20;Magallanes; 0,9565040;0,832159706; 1,0918353
2020-05-16;20;Magallanes; 0,9166172;0,794475426; 1,0489184
2020-05-17;20;Magallanes; 0,8564345;0,734840138; 0,9862793
2020-05-18;21;Magallanes; 0,8403005;0,716273623; 0,9747587
2020-05-19;21;Magallanes; 0,8039577;0,679044924; 0,9415154
2020-05-20;21;Magallanes; 0,8152934;0,684613335; 0,9613521
2020-05-21;21;Magallanes; 0,8056867;0,671803370; 0,9532521
2020-05-22;21;Magallanes; 0,6954379;0,569811265; 0,8363163
2020-05-23;21;Magallanes; 0,6839493;0,551387830; 0,8356995
2020-05-24;21;Magallanes; 0,7373318;0,588308080; 0,9111668
2020-05-25;22;Magallanes; 0,7699250;0,613730785; 0,9447993
2020-05-26;22;Magallanes; 0,8529545;0,688658597; 1,0384110
2020-05-27;22;Magallanes; 0,8511867;0,691370809; 1,0239953
2020-05-28;22;Magallanes; 0,7960130;0,643732382; 0,9655812
2020-05-29;22;Magallanes; 0,8688592;0,703998953; 1,0528137
2020-05-30;22;Magallanes; 0,8340854;0,673869901; 1,0117430
2020-05-31;22;Magallanes; 0,8040654;0,645812444; 0,9784459
2020-06-01;23;Magallanes; 0,7587660;0,601164200; 0,9342888
2020-06-02;23;Magallanes; 0,8143424;0,641722739; 1,0084638
2020-03-21;12;Metropolitana; 2,6163077;1,636983566; 4,2613694
2020-03-22;12;Metropolitana; 2,2964445;1,521515883; 3,5469527
2020-03-23;13;Metropolitana; 2,0701584;1,452410771; 3,0368273
2020-03-24;13;Metropolitana; 2,0048545;1,470706834; 2,7789960
2020-03-25;13;Metropolitana; 2,1278745;1,593400215; 2,8624206
2020-03-26;13;Metropolitana; 1,9262765;1,416986776; 2,5714545
2020-03-27;13;Metropolitana; 2,0531205;1,559954043; 2,7126484
2020-03-28;13;Metropolitana; 1,9951442;1,491857735; 2,6216522
2020-03-29;13;Metropolitana; 1,7980865;1,354964528; 2,3639268
2020-03-30;14;Metropolitana; 1,6354154;1,279064201; 2,1086779
2020-03-31;14;Metropolitana; 1,5665804;1,274887916; 1,9601833
2020-04-01;14;Metropolitana; 1,4953339;1,245078872; 1,8164254
2020-04-02;14;Metropolitana; 1,4022811;1,190114050; 1,6666476
2020-04-03;14;Metropolitana; 1,3390985;1,162358778; 1,5550547
2020-04-04;14;Metropolitana; 1,3897047;1,230191274; 1,5800630
2020-04-05;14;Metropolitana; 1,3726363;1,207639821; 1,5489669
2020-04-06;15;Metropolitana; 1,3488406;1,188366460; 1,5201183
2020-04-07;15;Metropolitana; 1,2799722;1,134012363; 1,4361333
2020-04-08;15;Metropolitana; 1,2460726;1,122390104; 1,3859720
2020-04-09;15;Metropolitana; 1,3256556;1,208644597; 1,4569801
2020-04-10;15;Metropolitana; 1,3544045;1,218949500; 1,4900407
2020-04-11;15;Metropolitana; 1,3319227;1,185240463; 1,4759537
2020-04-12;15;Metropolitana; 1,2868140;1,147474725; 1,4314430
2020-04-13;16;Metropolitana; 1,2541062;1,129997093; 1,3895789
2020-04-14;16;Metropolitana; 1,2674615;1,154313340; 1,3948733
2020-04-15;16;Metropolitana; 1,2719528;1,159236035; 1,3923565
2020-04-16;16;Metropolitana; 1,3080351;1,190614180; 1,4288963
2020-04-17;16;Metropolitana; 1,2891938;1,163180463; 1,4150132
2020-04-18;16;Metropolitana; 1,2435996;1,124515022; 1,3661010
2020-04-19;16;Metropolitana; 1,2002367;1,097639832; 1,3114846
2020-04-20;17;Metropolitana; 1,1935714;1,105105676; 1,2941140
2020-04-21;17;Metropolitana; 1,1618824;1,079991052; 1,2506352
2020-04-22;17;Metropolitana; 1,1550878;1,082167199; 1,2355593
2020-04-23;17;Metropolitana; 1,1412220;1,073483292; 1,2138153
2020-04-24;17;Metropolitana; 1,0983934;1,036745710; 1,1638590
2020-04-25;17;Metropolitana; 1,1191215;1,065417747; 1,1780798
2020-04-26;17;Metropolitana; 1,1473740;1,092991035; 1,2044334
2020-04-27;18;Metropolitana; 1,1621014;1,100760057; 1,2217999
2020-04-28;18;Metropolitana; 1,1719083;1,104660837; 1,2349811
2020-04-29;18;Metropolitana; 1,1593546;1,088305637; 1,2267458
2020-04-30;18;Metropolitana; 1,2900510;1,214620777; 1,3660399
2020-05-01;18;Metropolitana; 1,3954332;1,272650272; 1,4968025
2020-05-02;18;Metropolitana; 1,5093576;1,333167338; 1,6590079
2020-05-03;18;Metropolitana; 1,5610456;1,333659845; 1,7693819
2020-05-04;19;Metropolitana; 1,5379820;1,291105273; 1,7903931
2020-05-05;19;Metropolitana; 1,5796274;1,330495312; 1,8634272
2020-05-06;19;Metropolitana; 1,5219749;1,271570922; 1,8092264
2020-05-07;19;Metropolitana; 1,5115298;1,277031181; 1,7930686
2020-05-08;19;Metropolitana; 1,4863463;1,262699139; 1,7533220
2020-05-09;19;Metropolitana; 1,4279291;1,221614310; 1,6748722
2020-05-10;19;Metropolitana; 1,4341647;1,245821639; 1,6629797
2020-05-11;20;Metropolitana; 1,3862731;1,206716454; 1,5949939
2020-05-12;20;Metropolitana; 1,3771833;1,212674453; 1,5704646
2020-05-13;20;Metropolitana; 1,4536105;1,286409460; 1,6434352
2020-05-14;20;Metropolitana; 1,4478987;1,260354833; 1,6432791
2020-05-15;20;Metropolitana; 1,4228452;1,235183421; 1,6244697
2020-05-16;20;Metropolitana; 1,3413145;1,170657323; 1,5330303
2020-05-17;20;Metropolitana; 1,3109597;1,167369900; 1,4839751
2020-05-18;21;Metropolitana; 1,2887149;1,161872846; 1,4403798
2020-05-19;21;Metropolitana; 1,3319490;1,210060438; 1,4719346
2020-05-20;21;Metropolitana; 1,4029852;1,263367043; 1,5474960
2020-05-21;21;Metropolitana; 1,4215298;1,256665269; 1,5825251
2020-05-22;21;Metropolitana; 1,4391549;1,260693765; 1,6199443
2020-05-23;21;Metropolitana; 1,4210117;1,237552383; 1,6145260
2020-05-24;21;Metropolitana; 1,3854481;1,210429590; 1,5805235
2020-05-25;22;Metropolitana; 1,4164960;1,248773107; 1,6113103
2020-05-26;22;Metropolitana; 1,3828508;1,212580241; 1,5705731
2020-05-27;22;Metropolitana; 1,3334634;1,177469844; 1,5111930
2020-05-28;22;Metropolitana; 1,2993381;1,162047513; 1,4606759
2020-05-29;22;Metropolitana; 1,2518071;1,132187848; 1,3919859
2020-05-30;22;Metropolitana; 1,2387971;1,136559197; 1,3601496
2020-05-31;22;Metropolitana; 1,2433096;1,148199166; 1,3511438
2020-06-01;23;Metropolitana; 1,2604030;1,164238577; 1,3622812
2020-06-02;23;Metropolitana; 1,1963080;1,100360664; 1,2925745
2020-03-21;12;Los Ríos; 2,3383786;0,276816139; 6,6300130
2020-03-22;12;Los Ríos; 2,1228271;0,253289780; 5,9772783
2020-03-23;13;Los Ríos; 4,9659753;1,570616651;10,2982559
2020-03-24;13;Los Ríos; 5,1429869;1,783172299;10,6335407
2020-03-25;13;Los Ríos; 5,7623876;2,291505741;11,7078923
2020-03-26;13;Los Ríos; 4,5123398;1,761677678; 9,3980284
2020-03-27;13;Los Ríos; 4,4644945;2,032931362; 8,9505599
2020-03-28;13;Los Ríos; 3,5990081;1,715978842; 6,9510265
2020-03-29;13;Los Ríos; 3,6549885;1,948865203; 6,6211110
2020-03-30;14;Los Ríos; 2,9704241;1,605821549; 5,2167511
2020-03-31;14;Los Ríos; 2,6995089;1,578026599; 4,4743002
2020-04-01;14;Los Ríos; 2,2921750;1,411838049; 3,6344979
2020-04-02;14;Los Ríos; 1,9507907;1,276623136; 2,9498309
2020-04-03;14;Los Ríos; 1,8804494;1,305925712; 2,6908151
2020-04-04;14;Los Ríos; 1,8414262;1,322157032; 2,5404537
2020-04-05;14;Los Ríos; 1,7710887;1,293509943; 2,3922808
2020-04-06;15;Los Ríos; 1,5776664;1,166902006; 2,0952048
2020-04-07;15;Los Ríos; 1,4520992;1,104024445; 1,8911511
2020-04-08;15;Los Ríos; 1,3267575;1,035737191; 1,6884509
2020-04-09;15;Los Ríos; 1,2503499;0,985372313; 1,5598929
2020-04-10;15;Los Ríos; 1,1640317;0,930051406; 1,4326305
2020-04-11;15;Los Ríos; 1,1318496;0,914108305; 1,3799111
2020-04-12;15;Los Ríos; 1,0164459;0,817963428; 1,2392344
2020-04-13;16;Los Ríos; 0,9637804;0,775544889; 1,1713703
2020-04-14;16;Los Ríos; 0,9568897;0,763629870; 1,1668144
2020-04-15;16;Los Ríos; 0,9229087;0,736467665; 1,1345185
2020-04-16;16;Los Ríos; 0,9258792;0,737310430; 1,1376572
2020-04-17;16;Los Ríos; 0,8425433;0,661218154; 1,0463263
2020-04-18;16;Los Ríos; 0,7666771;0,589445526; 0,9665716
2020-04-19;16;Los Ríos; 0,6947718;0,520338572; 0,8994837
2020-04-20;17;Los Ríos; 0,7397568;0,547916137; 0,9668347
2020-04-21;17;Los Ríos; 0,7858946;0,580017771; 1,0225614
2020-04-22;17;Los Ríos; 0,8115341;0,601769737; 1,0575770
2020-04-23;17;Los Ríos; 0,8190271;0,606951778; 1,0659147
2020-04-24;17;Los Ríos; 0,7782145;0,574015537; 1,0191693
2020-04-25;17;Los Ríos; 0,7678159;0,557484883; 1,0170217
2020-04-26;17;Los Ríos; 0,7409792;0,532023846; 0,9908593
2020-04-27;18;Los Ríos; 0,7660175;0,544943425; 1,0249747
2020-04-28;18;Los Ríos; 0,6202817;0,421960457; 0,8600831
2020-04-29;18;Los Ríos; 0,6692811;0,448138424; 0,9404334
2020-04-30;18;Los Ríos; 0,8116632;0,553737871; 1,1189626
2020-05-01;18;Los Ríos; 0,8333333;0,574241006; 1,1492884
2020-05-02;18;Los Ríos; 0,9881244;0,700773740; 1,3246046
2020-05-03;18;Los Ríos; 1,0305536;0,741082807; 1,3781068
2020-05-04;19;Los Ríos; 0,9359095;0,658978508; 1,2591530
2020-05-05;19;Los Ríos; 0,8239965;0,565443355; 1,1271063
2020-05-06;19;Los Ríos; 0,7726475;0,518467026; 1,0753651
2020-05-07;19;Los Ríos; 0,8106630;0,541805434; 1,1344324
2020-05-08;19;Los Ríos; 0,8474914;0,566019105; 1,1894502
2020-05-09;19;Los Ríos; 0,8827859;0,593799119; 1,2323310
2020-05-10;19;Los Ríos; 0,8787437;0,582144792; 1,2361988
2020-05-11;20;Los Ríos; 0,9079878;0,605180848; 1,2711926
2020-05-12;20;Los Ríos; 1,0282423;0,699144534; 1,4209728
2020-05-13;20;Los Ríos; 1,0033096;0,683461852; 1,3880587
2020-05-14;20;Los Ríos; 0,8438547;0,551822926; 1,1942914
2020-05-15;20;Los Ríos; 1,0348032;0,700716917; 1,4290353
2020-05-16;20;Los Ríos; 0,8074522;0,510214329; 1,1619782
2020-05-17;20;Los Ríos; 0,7983747;0,505556099; 1,1609858
2020-05-18;21;Los Ríos; 0,9458384;0,614122390; 1,3471121
2020-05-19;21;Los Ríos; 1,1570928;0,779906744; 1,5986438
2020-05-20;21;Los Ríos; 1,7756274;1,299730898; 2,3153456
2020-05-21;21;Los Ríos; 1,9194061;1,378787986; 2,5296048
2020-05-22;21;Los Ríos; 1,7610528;1,216417712; 2,4049606
2020-05-23;21;Los Ríos; 1,7726197;1,257642563; 2,4223158
2020-05-24;21;Los Ríos; 1,9209336;1,393382463; 2,5876045
2020-05-25;22;Los Ríos; 1,7596665;1,255792860; 2,3887375
2020-05-26;22;Los Ríos; 1,6020460;1,170767332; 2,1650512
2020-05-27;22;Los Ríos; 1,4923164;1,119969606; 1,9666606
2020-05-28;22;Los Ríos; 1,4519110;1,124041553; 1,8669999
2020-05-29;22;Los Ríos; 1,4232871;1,114597736; 1,7897007
2020-05-30;22;Los Ríos; 1,4912716;1,190981675; 1,8448559
2020-05-31;22;Los Ríos; 1,4779256;1,177599424; 1,8223627
2020-06-01;23;Los Ríos; 1,3840763;1,104742185; 1,7032763
2020-06-02;23;Los Ríos; 1,2857557;1,039900374; 1,5737679
2020-03-21;12;Arica y Parinacota; 4,3587648;0,472454459;13,7336304
2020-03-22;12;Arica y Parinacota; 4,8767634;0,910652649;12,8694686
2020-03-23;13;Arica y Parinacota; 3,5252404;0,646333790; 9,2868183
2020-03-24;13;Arica y Parinacota; 2,6861324;0,500453162; 7,0616016
2020-03-25;13;Arica y Parinacota; 2,2094771;0,435798749; 5,5130511
2020-03-26;13;Arica y Parinacota; 2,5762370;0,689798276; 5,7896927
2020-03-27;13;Arica y Parinacota; 2,1960714;0,573065374; 4,9890362
2020-03-28;13;Arica y Parinacota; 1,9108035;0,508655912; 4,3001469
2020-03-29;13;Arica y Parinacota; 2,1276993;0,670591019; 4,4362934
2020-03-30;14;Arica y Parinacota; 2,6366001;1,026953332; 5,0531670
2020-03-31;14;Arica y Parinacota; 2,1789750;0,833214047; 4,2613851
2020-04-01;14;Arica y Parinacota; 1,8366329;0,705764843; 3,5996034
2020-04-02;14;Arica y Parinacota; 1,6171218;0,624825340; 3,1231390
2020-04-03;14;Arica y Parinacota; 2,5293955;1,272021935; 4,2612771
2020-04-04;14;Arica y Parinacota; 2,1273188;1,020321826; 3,7125689
2020-04-05;14;Arica y Parinacota; 3,9880990;2,384594947; 6,1119346
2020-04-06;15;Arica y Parinacota; 4,3444814;2,262033349; 7,0807935
2020-04-07;15;Arica y Parinacota; 3,8097390;1,909048742; 6,6792691
2020-04-08;15;Arica y Parinacota; 3,1270898;1,662932099; 5,4966627
2020-04-09;15;Arica y Parinacota; 2,6768056;1,551957313; 4,4607168
2020-04-10;15;Arica y Parinacota; 2,3808131;1,480074125; 3,7475255
2020-04-11;15;Arica y Parinacota; 2,3401385;1,541372874; 3,4862389
2020-04-12;15;Arica y Parinacota; 2,0176441;1,351345137; 2,9252696
2020-04-13;16;Arica y Parinacota; 1,6512736;1,159423624; 2,3110792
2020-04-14;16;Arica y Parinacota; 1,5071946;1,125270598; 2,0105129
2020-04-15;16;Arica y Parinacota; 1,4099273;1,092887888; 1,8086074
2020-04-16;16;Arica y Parinacota; 1,3409345;1,066697084; 1,6696462
2020-04-17;16;Arica y Parinacota; 1,2519224;1,006942193; 1,5369387
2020-04-18;16;Arica y Parinacota; 1,2633451;1,034517254; 1,5277174
2020-04-19;16;Arica y Parinacota; 1,0833016;0,880456732; 1,3110933
2020-04-20;17;Arica y Parinacota; 1,0809873;0,892279468; 1,2909167
2020-04-21;17;Arica y Parinacota; 1,0372246;0,854424526; 1,2376302
2020-04-22;17;Arica y Parinacota; 1,0255717;0,846240152; 1,2218353
2020-04-23;17;Arica y Parinacota; 1,1763686;0,989076195; 1,3832550
2020-04-24;17;Arica y Parinacota; 1,2919884;1,088079918; 1,5106564
2020-04-25;17;Arica y Parinacota; 1,1209414;0,928888018; 1,3280102
2020-04-26;17;Arica y Parinacota; 1,0791352;0,900945719; 1,2740221
2020-04-27;18;Arica y Parinacota; 1,1593744;0,978914121; 1,3555622
2020-04-28;18;Arica y Parinacota; 1,1160286;0,937177698; 1,3105474
2020-04-29;18;Arica y Parinacota; 1,0889756;0,915100274; 1,2767757
2020-04-30;18;Arica y Parinacota; 1,0841250;0,915115758; 1,2675126
2020-05-01;18;Arica y Parinacota; 1,1572593;0,985647463; 1,3454648
2020-05-02;18;Arica y Parinacota; 1,1427241;0,970789407; 1,3260844
2020-05-03;18;Arica y Parinacota; 1,0986030;0,930405516; 1,2799563
2020-05-04;19;Arica y Parinacota; 0,9712655;0,818667632; 1,1368047
2020-05-05;19;Arica y Parinacota; 0,9562238;0,806030918; 1,1201697
2020-05-06;19;Arica y Parinacota; 0,9162102;0,769489684; 1,0785841
2020-05-07;19;Arica y Parinacota; 0,7755872;0,639047790; 0,9264627
2020-05-08;19;Arica y Parinacota; 0,6185484;0,491358128; 0,7636268
2020-05-09;19;Arica y Parinacota; 0,6936378;0,542272321; 0,8864757
2020-05-10;19;Arica y Parinacota; 0,7127522;0,548295126; 0,9087991
2020-05-11;20;Arica y Parinacota; 0,7411779;0,568943151; 0,9407034
2020-05-12;20;Arica y Parinacota; 0,7594768;0,584807149; 0,9617664
2020-05-13;20;Arica y Parinacota; 0,8416093;0,657162457; 1,0579650
2020-05-14;20;Arica y Parinacota; 0,8477393;0,665718013; 1,0512309
2020-05-15;20;Arica y Parinacota; 0,7428301;0,573478938; 0,9333015
2020-05-16;20;Arica y Parinacota; 0,7704701;0,593890804; 0,9751585
2020-05-17;20;Arica y Parinacota; 0,8116031;0,624815730; 1,0290490
2020-05-18;21;Arica y Parinacota; 1,0877980;0,863324689; 1,3406088
2020-05-19;21;Arica y Parinacota; 1,2958107;1,060258838; 1,5542555
2020-05-20;21;Arica y Parinacota; 1,2375916;0,997780029; 1,5023743
2020-05-21;21;Arica y Parinacota; 1,4275431;1,161651686; 1,7255413
2020-05-22;21;Arica y Parinacota; 1,5051695;1,209496119; 1,8309812
2020-05-23;21;Arica y Parinacota; 1,3939513;1,101560258; 1,7234686
2020-05-24;21;Arica y Parinacota; 1,4070934;1,129361935; 1,7387405
2020-05-25;22;Arica y Parinacota; 1,3407539;1,082819956; 1,6365328
2020-05-26;22;Arica y Parinacota; 1,3223566;1,084066117; 1,5955725
2020-05-27;22;Arica y Parinacota; 1,3234739;1,096025835; 1,5790658
2020-05-28;22;Arica y Parinacota; 1,3614792;1,135908017; 1,6128013
2020-05-29;22;Arica y Parinacota; 1,3725525;1,144888249; 1,6229413
2020-05-30;22;Arica y Parinacota; 1,2639771;1,051479980; 1,4986446
2020-05-31;22;Arica y Parinacota; 1,3652620;1,160257521; 1,5970174
2020-06-01;23;Arica y Parinacota; 1,2667625;1,065113118; 1,4867840
2020-06-02;23;Arica y Parinacota; 1,1675704;0,990705638; 1,3634743
2020-03-21;12;Ñuble; 3,2197706;1,874889626; 5,5586605
2020-03-22;12;Ñuble; 2,5979952;1,538501611; 4,3889373
2020-03-23;13;Ñuble; 2,5260385;1,615993178; 4,0520585
2020-03-24;13;Ñuble; 2,5828760;1,713542187; 3,9605244
2020-03-25;13;Ñuble; 2,1554541;1,422766088; 3,2835995
2020-03-26;13;Ñuble; 1,7897118;1,246339955; 2,6321587
2020-03-27;13;Ñuble; 1,9264716;1,437679718; 2,6571400
2020-03-28;13;Ñuble; 1,9617803;1,475134013; 2,6359425
2020-03-29;13;Ñuble; 1,9225095;1,438892421; 2,5520452
2020-03-30;14;Ñuble; 1,8500721;1,401033868; 2,4478572
2020-03-31;14;Ñuble; 1,6126898;1,231239386; 2,1198299
2020-04-01;14;Ñuble; 1,5217935;1,209793475; 1,9490367
2020-04-02;14;Ñuble; 1,8476126;1,515453782; 2,2862506
2020-04-03;14;Ñuble; 1,6936662;1,338417202; 2,1168758
2020-04-04;14;Ñuble; 1,5679986;1,253205577; 1,9667958
2020-04-05;14;Ñuble; 1,4836596;1,213877591; 1,8360392
2020-04-06;15;Ñuble; 1,4707817;1,226288310; 1,7857848
2020-04-07;15;Ñuble; 1,4312055;1,204749128; 1,7106346
2020-04-08;15;Ñuble; 1,4236909;1,212991196; 1,6840360
2020-04-09;15;Ñuble; 1,3364995;1,140270050; 1,5669840
2020-04-10;15;Ñuble; 1,2171298;1,053187530; 1,4123904
2020-04-11;15;Ñuble; 1,1294830;0,995678625; 1,2882567
2020-04-12;15;Ñuble; 1,0492688;0,935942421; 1,1766258
2020-04-13;16;Ñuble; 0,9655677;0,865246399; 1,0719286
2020-04-14;16;Ñuble; 0,9347736;0,838118517; 1,0363135
2020-04-15;16;Ñuble; 0,9396565;0,841616689; 1,0422076
2020-04-16;16;Ñuble; 0,7559056;0,667025995; 0,8493019
2020-04-17;16;Ñuble; 0,7527547;0,654718796; 0,8627867
2020-04-18;16;Ñuble; 0,7370100;0,630449247; 0,8575574
2020-04-19;16;Ñuble; 0,7396291;0,626669015; 0,8678142
2020-04-20;17;Ñuble; 0,6588465;0,550805486; 0,7821601
2020-04-21;17;Ñuble; 0,5696393;0,464920744; 0,6919478
2020-04-22;17;Ñuble; 0,5140893;0,407272981; 0,6451573
2020-04-23;17;Ñuble; 0,5497057;0,426896202; 0,7067786
2020-04-24;17;Ñuble; 0,5613333;0,427002593; 0,7248755
2020-04-25;17;Ñuble; 0,5848930;0,442407211; 0,7538986
2020-04-26;17;Ñuble; 0,6372850;0,487099786; 0,8138034
2020-04-27;18;Ñuble; 0,7232867;0,560607052; 0,9099512
2020-04-28;18;Ñuble; 0,7864675;0,622203553; 0,9725372
2020-04-29;18;Ñuble; 0,8426663;0,674956119; 1,0213509
2020-04-30;18;Ñuble; 0,8892815;0,725149568; 1,0719704
2020-05-01;18;Ñuble; 0,7971124;0,649257103; 0,9632757
2020-05-02;18;Ñuble; 0,8050804;0,654429075; 0,9744020
2020-05-03;18;Ñuble; 0,8321313;0,675063788; 1,0075431
2020-05-04;19;Ñuble; 0,8006503;0,643825181; 0,9733289
2020-05-05;19;Ñuble; 0,7919722;0,636211520; 0,9688482
2020-05-06;19;Ñuble; 0,7678039;0,610980733; 0,9445125
2020-05-07;19;Ñuble; 0,7786991;0,615024258; 0,9651615
2020-05-08;19;Ñuble; 0,7592898;0,596071425; 0,9442681
2020-05-09;19;Ñuble; 0,7680174;0,597048583; 0,9612341
2020-05-10;19;Ñuble; 0,8614146;0,672239040; 1,0753895
2020-05-11;20;Ñuble; 0,8059616;0,626726847; 1,0101598
2020-05-12;20;Ñuble; 0,9066716;0,711339137; 1,1257632
2020-05-13;20;Ñuble; 0,9211675;0,724460166; 1,1405674
2020-05-14;20;Ñuble; 0,9748510;0,771744568; 1,1998356
2020-05-15;20;Ñuble; 1,4204461;1,167948082; 1,6871283
2020-05-16;20;Ñuble; 1,6784325;1,377275071; 1,9982295
2020-05-17;20;Ñuble; 1,6342385;1,282919103; 2,0146721
2020-05-18;21;Ñuble; 1,8599691;1,460621411; 2,3398999
2020-05-19;21;Ñuble; 1,6428137;1,250531153; 2,1281081
2020-05-20;21;Ñuble; 1,6066521;1,256715699; 2,0784672
2020-05-21;21;Ñuble; 1,4886481;1,181469451; 1,9005734
2020-05-22;21;Ñuble; 1,3762579;1,117291418; 1,7145845
2020-05-23;21;Ñuble; 1,5223671;1,272732374; 1,8374511
2020-05-24;21;Ñuble; 1,4675319;1,214808785; 1,7666411
2020-05-25;22;Ñuble; 1,5058633;1,258038507; 1,8036599
2020-05-26;22;Ñuble; 1,3625402;1,133064881; 1,6310209
2020-05-27;22;Ñuble; 1,3181676;1,117303697; 1,5605275
2020-05-28;22;Ñuble; 1,3169764;1,132307587; 1,5355266
2020-05-29;22;Ñuble; 1,2439719;1,075700366; 1,4388249
2020-05-30;22;Ñuble; 1,1092480;0,966848984; 1,2730241
2020-05-31;22;Ñuble; 1,0114449;0,890167427; 1,1448141
2020-06-01;23;Ñuble; 0,9701590;0,860264978; 1,0870973
2020-06-02;23;Ñuble; 0,9624023;0,853608830; 1,0776594
